index,Year,PastureID,on_date,off_date,on_wt_raw,on_wt,off_wt_raw,off_wt,on_ct,period_days,adg,outlier_adg_upr,outlier_adg_lwr,outlier_adg,outlier_on_wt_upr,outlier_on_wt_lwr,outlier_on_wt,outlier_off_wt_upr,outlier_off_wt_lwr,outlier_off_wt,num_animals,area_ha,on_ct_ha,on_au,on_au_ha,CP,DOM,Biomass_kg_ha,forage_kg_au,forage_kg_100kg,period
0,2000,15E,2000-05-19,2000-06-15,599.95,599.95,674.9,674.9,20.0,27.0,2.775925925925926,4.238242263393716,1.3136095884581367,0.0,839.457010116065,360.44298988393507,0.0,915.4714906327497,434.3285093672504,0.0,20,132.26,0.15121729925903524,11.999000000000002,0.09072281869045822,9.340064000000002,64.38892186666666,880.5778503999999,2426.5610987145587,2139.860596609735,0
1,2000,15E,2000-06-15,2000-07-14,674.9,674.9,706.6,706.6,20.0,29.0,1.0931034482758621,2.1676978431344143,0.018509053417309573,0.0,915.4714906327497,434.3285093672504,0.0,942.0014711754771,471.19852882452295,0.0,20,132.26,0.15121729925903524,13.498,0.10205655526992288,8.515764285714285,61.51065714285712,886.5032871428572,2171.5981026358404,1915.0217210539408,1
2,2000,15E,2000-07-14,2000-08-11,706.6,706.6,746.9,746.9,20.0,28.0,1.4392857142857143,3.7838608912575706,-0.9052894626861416,0.0,942.0014711754771,471.19852882452295,0.0,991.3622670270404,502.4377329729597,0.0,20,132.26,0.15121729925903524,14.132,0.1068501436564343,6.521666666666665,59.03775555555556,967.1323088888888,2262.824072559518,1995.4692558514753,2
3,2000,23E,2000-05-19,2000-06-15,600.08,600.08,671.76,671.76,25.0,27.0,2.6548148148148147,4.381428093936072,0.9282015356935578,0.0,842.8467398965518,357.31326010344833,0.0,928.6373248069981,414.88267519300194,0.0,25,119.77,0.2087334056942473,15.002,0.12525674208900395,9.608391999999998,64.86269013333334,935.6584667999999,1867.481245311225,1646.8365597165798,0
4,2000,23E,2000-06-15,2000-07-14,671.76,671.76,699.92,699.92,25.0,29.0,0.9710344827586206,2.514599237538854,-0.5725302720216126,0.0,928.6373248069981,414.88267519300194,0.0,927.2775158203483,472.5624841796515,0.0,25,119.77,0.2087334056942473,16.794,0.14021875260916758,8.264985714285714,61.36088690476191,908.6112110714284,1619.988757145781,1428.5855444577085,1
5,2000,23E,2000-07-14,2000-08-11,699.92,699.92,756.16,756.16,25.0,28.0,2.0085714285714285,3.060755745473508,0.9563871116693496,0.0,927.2775158203483,472.5624841796515,0.0,979.056298757965,533.2637012420349,0.0,25,119.77,0.2087334056942473,17.498,0.14609668531351758,6.404837037037036,58.76832592592595,1072.1909792592594,1834.72844876388,1617.953537237745,2
6,2000,23W,2000-05-19,2000-06-15,600.7333333333333,600.7333333333333,674.9333333333333,674.9333333333333,15.0,27.0,2.748148148148148,4.18352874587039,1.3127675504259064,0.0,838.1492432587515,363.31742340791516,0.0,896.7579744996641,453.10869216700246,0.0,15,126.48,0.11859582542694497,9.011,0.07124446552814673,9.443728000000002,64.63274586666667,878.8067148,3083.771870156032,2719.4212902267573,0
7,2000,23W,2000-06-15,2000-07-14,674.9333333333333,674.9333333333333,717.2,717.2,15.0,29.0,1.457471264367816,3.4309320082456805,-0.5159894795100486,0.0,896.7579744996641,453.10869216700246,0.0,921.0587746455865,513.3412253544136,0.0,15,126.48,0.11859582542694497,10.123999999999999,0.08004427577482605,8.629992857142858,61.75731428571428,842.0816967857143,2630.0497088467296,2319.306833884114,1
8,2000,23W,2000-07-14,2000-08-11,717.2,717.2,757.6,757.6,15.0,28.0,1.4428571428571428,3.40046173608843,-0.5147474503741443,0.0,921.0587746455865,513.3412253544136,0.0,968.5431880185482,546.6568119814518,0.0,15,126.48,0.11859582542694497,10.758000000000001,0.08505692599620494,7.551718518518517,60.492604938271626,1034.21486,3039.772622532069,2680.6205955643118,2
9,2001,15E,2001-05-17,2001-06-14,642.7,642.7,745.3,745.3,20.0,28.0,3.6642857142857146,5.056665620960353,2.2719058076110743,0.0,933.5365248907474,351.8634751092527,0.0,1019.6010063876236,470.9989936123764,0.0,20,132.26,0.15121729925903524,12.854000000000001,0.09718735823378195,10.640738271604938,66.38251481481483,1364.6359407407406,3510.322652916803,3095.574692243437,0
10,2001,15E,2001-06-14,2001-07-13,745.3,745.3,793.0,793.0,20.0,29.0,1.6448275862068964,3.3260316820756004,-0.03637650966180672,0.0,1019.6010063876236,470.9989936123764,0.0,1072.7536510273958,513.2463489726043,0.0,20,132.26,0.15121729925903524,14.905999999999999,0.11270225313775896,8.699445238095239,63.15812976190476,1290.7084107142855,2863.0936267454617,2524.81639119764,1
11,2001,15E,2001-07-13,2001-08-10,793.0,793.0,823.1,823.1,20.0,28.0,1.075,3.019762859032755,-0.8697628590327551,0.0,1072.7536510273958,513.2463489726043,0.0,1076.916572807173,569.283427192827,0.0,20,132.26,0.15121729925903524,15.860000000000001,0.11991531831241496,7.879037037037038,63.079518518518526,1050.1165096296297,2189.287666513474,1930.6212461320497,2
12,2001,15E,2001-08-10,2001-09-07,827.578947368421,827.578947368421,896.2105263157895,896.2105263157895,20.0,28.0,2.451127819548872,4.239772032437716,0.6624836066600279,0.0,1080.9370255689664,574.2208691678757,0.0,1132.30283654077,660.118216090809,0.0,19,132.26,0.15121729925903524,16.551578947368423,0.12514425334468793,6.794360493827161,61.89416172839506,1001.8956581481481,2001.4815530294509,1765.0046036086992,3
13,2001,15E,2001-09-07,2001-10-03,896.2105263157895,896.2105263157895,907.0526315789474,907.0526315789474,20.0,26.0,0.41700404858299595,2.644275419975911,-1.700115875816367,0.0,1141.4198800651789,635.180119934821,0.0,1141.308664421144,664.091335578856,0.0,19,132.26,0.15121729925903524,17.92421052631579,0.1355225353569922,5.853701333333333,59.59456533333334,1089.87402,2010.5033032496474,1772.9604254583446,4
14,2001,23E,2001-05-17,2001-06-14,641.04,641.04,742.8,742.8,25.0,28.0,3.6342857142857143,5.3275948763607754,1.9409765522106535,0.0,953.3529200017188,328.72707999828117,0.0,1048.0343362074457,437.56566379255423,0.0,25,119.77,0.2087334056942473,16.026,0.1338064623862403,10.679365432098765,66.42683950617285,1377.7829,2574.2084414857104,2270.063265381391,0
15,2001,23E,2001-06-14,2001-07-13,742.8,742.8,790.32,790.32,25.0,29.0,1.6386206896551725,3.1640063546175683,0.11323502469277645,0.0,1048.0343362074457,437.56566379255423,0.0,1079.259509240256,501.3804907597441,0.0,25,119.77,0.2087334056942473,18.569999999999997,0.15504717374968688,8.681633333333334,63.21942976190477,1238.565885714286,1997.0791078621442,1761.1223115257815,1
16,2001,23E,2001-07-13,2001-08-10,790.32,790.32,837.52,837.52,25.0,28.0,1.685714285714286,3.4122331378959747,-0.04080456646740216,0.0,1079.259509240256,501.3804907597441,0.0,1113.0210707783183,562.0189292216817,0.0,25,119.77,0.2087334056942473,19.758,0.16496618518827752,8.107229629629629,63.293685185185176,1093.421927777778,1657.0394813486241,1461.2586903510953,2
17,2001,23E,2001-08-10,2001-09-07,832.25,832.25,888.8333333333334,888.8333333333334,25.0,28.0,2.0208333333333335,4.029438352651717,0.18199021877685562,0.0,1113.0210707783183,562.0189292216817,0.0,1187.569058537074,605.3909414629261,0.0,24,119.77,0.2087334056942473,20.806250000000002,0.17371837688903735,6.86660987654321,61.9092864197531,1034.5472770370372,1488.8282051153612,1312.9217364175338,3
18,2001,23E,2001-09-07,2001-10-03,896.48,896.48,911.36,911.36,25.0,26.0,0.5723076923076923,2.1488742561347687,-1.0042588715193843,0.0,1187.569058537074,605.3909414629261,0.0,1200.2737587585611,622.446241241439,0.0,25,119.77,0.2087334056942473,22.412000000000003,0.18712532353677885,5.935285333333331,59.50687066666664,1034.7515924,1382.4312669747007,1219.095697729396,4
19,2001,23W,2001-05-17,2001-06-14,630.2857142857143,630.2857142857143,735.0,735.0,15.0,28.0,3.7397959183673466,5.251774329986099,2.227817506748594,0.0,898.8805928504569,361.6908357209718,0.0,1016.2453076531643,453.75469234683567,0.0,14,126.48,0.11859582542694497,9.454285714285716,0.07474925454052589,10.678686419753088,66.24111604938274,1427.255440740741,4773.477172160102,4209.486303449154,0
20,2001,23W,2001-06-14,2001-07-13,735.0,735.0,780.2857142857143,780.2857142857143,15.0,29.0,1.561576354679803,3.314071180837072,-0.02018128368038674,0.0,1013.3876909113006,464.21230908869927,0.0,1091.3645321491629,492.3688011841704,0.0,14,126.48,0.11859582542694497,11.025,0.08716793168880456,8.500980952380951,63.08166547619048,1268.6637714285712,3638.56221792031,3208.6626306525486,1
21,2001,23W,2001-07-13,2001-08-10,791.8666666666667,791.8666666666667,850.1333333333333,850.1333333333333,15.0,28.0,2.080952380952381,3.3663264856087975,0.7955782762959649,0.0,1091.3645321491629,492.3688011841704,0.0,1137.1088922727167,563.15777439395,0.0,15,126.48,0.11859582542694497,11.878,0.09391208096141682,7.9557753086419725,63.30389999999999,1126.6669444444442,2999.2598739967443,2644.894466806612,2
22,2001,23W,2001-08-10,2001-09-07,850.1333333333333,850.1333333333333,899.3333333333334,899.3333333333334,15.0,28.0,1.7571428571428571,3.6870743503604575,-0.17278863607474415,0.0,1137.1088922727167,563.15777439395,0.0,1153.5447189387555,645.1219477279113,0.0,15,126.48,0.11859582542694497,12.751999999999999,0.10082226438962681,6.75817037037037,62.04594567901235,1073.1466888888888,2660.986378816395,2346.5883068680314,3
23,2001,23W,2001-09-07,2001-10-03,899.3333333333334,899.3333333333334,903.7333333333333,903.7333333333333,15.0,26.0,0.1692307692307692,1.7054379086872262,-1.366976370225688,0.0,1153.5447189387555,645.1219477279113,0.0,1157.4202044390893,650.0464622275772,0.0,15,126.48,0.11859582542694497,13.49,0.10665717900063251,5.838805333333332,59.655789333333324,1097.0664896,2571.4783099445517,2267.655701478887,4
24,2002,15E,2002-05-17,2002-06-14,631.0,631.0,653.5,653.5,20.0,28.0,0.8035714285714286,2.908738081837538,-1.3015952246946807,0.0,867.9770142084626,394.0229857915374,0.0,871.2810344069667,435.7189655930333,0.0,20,132.26,0.15121729925903524,12.620000000000001,0.09541811583245124,8.898377777777775,63.92320543209875,505.3308440740741,1323.9908367123023,1167.5600598945723,0
25,2002,15E,2002-06-14,2002-07-12,653.5,653.5,696.8,696.8,20.0,28.0,1.5464285714285713,3.1398284587322234,-0.04697131587508063,0.0,871.2810344069667,435.7189655930333,0.0,894.3199923258935,499.2800076741064,0.0,20,132.26,0.15121729925903524,13.07,0.09882050506577954,8.611659259259259,63.65968098765432,403.66582074074074,1021.2096681555158,900.5527744265327,1
26,2002,15E,2002-07-12,2002-08-06,696.8,696.8,743.7,743.7,20.0,25.0,1.876,3.517621791175775,0.2343782088242259,0.0,894.3199923258935,499.2800076741064,0.0,944.179924181949,543.2200758180511,0.0,20,132.26,0.15121729925903524,13.936,0.10536821412369576,8.141174999999997,62.80309999999999,398.5821241666668,945.6887152390095,833.9546939372102,2
27,2002,23E,2002-05-17,2002-06-14,632.88,632.88,670.4,670.4,25.0,28.0,1.34,2.6555467552717857,0.024453244728215084,0.0,886.7662737526391,378.9937262473609,0.0,927.0826834829338,413.71731651706614,0.0,25,119.77,0.2087334056942473,15.822,0.13210319779577523,9.534377777777777,63.089064197530845,534.8796766666667,1012.2383212357267,892.6414006794043,0
28,2002,23E,2002-06-14,2002-07-12,670.4,670.4,720.48,720.48,25.0,28.0,1.7885714285714287,3.218677746868307,0.3584651102745495,0.0,927.0826834829338,413.71731651706614,0.0,966.6401917451317,474.31980825486835,0.0,25,119.77,0.2087334056942473,16.76,0.13993487517742342,8.917422222222221,62.66774543209876,456.2626325925926,815.1338828403163,718.8250391780764,1
29,2002,23E,2002-07-12,2002-08-06,720.48,720.48,769.68,769.68,25.0,25.0,1.9680000000000002,3.386167832098867,0.5498321679011338,0.0,966.6401917451317,474.31980825486835,0.0,1013.1405512192889,526.219448780711,0.0,25,119.77,0.2087334056942473,18.012,0.15038824413459131,8.067166666666667,60.2587,419.9750449999999,698.1513871259436,615.664136613183,2
30,2002,23W,2002-05-17,2002-06-14,632.0,632.0,661.4666666666667,661.4666666666667,15.0,28.0,1.0523809523809524,2.260408040679944,-0.1556461359180392,0.0,886.1844099973763,377.8155900026237,0.0,915.5343741778732,407.3989591554601,0.0,15,126.48,0.11859582542694497,9.48,0.07495256166982922,9.396465185185184,63.47591382716047,507.37600296296296,1692.3237567182373,1492.374095021252,0
31,2002,23W,2002-06-14,2002-07-12,661.4666666666667,661.4666666666667,733.8666666666667,733.8666666666667,15.0,28.0,2.5857142857142863,4.336349322513781,0.8350792489147909,0.0,915.5343741778732,407.3989591554601,0.0,960.4010538387437,507.3322794945895,0.0,15,126.48,0.11859582542694497,9.922,0.0784471853257432,8.86474962962963,62.62418320987653,424.78822222222226,1353.7395269770882,1193.7939141058198,1
32,2002,23W,2002-07-12,2002-08-06,733.8666666666667,733.8666666666667,788.6666666666666,788.6666666666666,15.0,25.0,2.192,4.06162486688029,0.32237513311971,0.0,960.4010538387437,507.3322794945895,0.0,1013.3569296637852,563.9764036695481,0.0,15,126.48,0.11859582542694497,11.008,0.087033523086654,8.374758333333332,60.811441666666646,401.00874875,1151.8801449377727,1015.7844100753041,2
33,2003,15E,2003-05-22,2003-06-20,636.3,636.3,727.4,727.4,20.0,29.0,3.1413793103448273,5.065306469341101,1.217452151348554,0.0,747.7072188911142,524.8927811088857,0.0,885.7519065745325,569.0480934254674,0.0,20,132.26,0.15121729925903524,12.725999999999999,0.09621956751852412,12.723164285714287,67.40814999999998,720.4566653571428,1871.9078767903445,1650.7401804755616,0
34,2003,15E,2003-06-20,2003-07-18,727.4,727.4,786.1,786.1,20.0,28.0,2.0964285714285715,4.415090890884528,-0.2222337480273855,0.0,885.7519065745325,569.0480934254674,0.0,955.6769038394956,616.5230961605046,0.0,20,132.26,0.15121729925903524,14.547999999999998,0.10999546348102222,9.278893827160495,63.28693086419756,648.1286151851854,1473.0803313925046,1299.0344889553628,1
35,2003,15E,2003-09-12,2003-10-08,892.7,892.7,937.6,937.6,20.0,26.0,1.726923076923077,3.6258032399559204,-0.17195708610976634,0.0,1085.2250222971713,700.1749777028288,0.0,1126.0525907154592,749.1474092845407,0.0,20,132.26,0.15121729925903524,17.854,0.13499168304854076,5.847632000000001,62.25862133333335,949.132668,1757.7613793782905,1550.0802003157949,2
36,2003,23E,2003-05-22,2003-06-20,637.6666666666666,637.6666666666666,724.75,724.75,25.0,29.0,3.0028735632183907,4.691419232049308,1.314327894387472,0.0,752.3943214958695,522.9390118374638,0.0,851.583423793984,597.916576206016,0.0,24,119.77,0.2087334056942473,15.941666666666665,0.1331023350310317,11.993471428571429,67.09807738095238,679.7390782142858,1276.7226774342657,1125.8766785995676,0
37,2003,23E,2003-06-20,2003-07-18,724.75,724.75,800.5,800.5,25.0,28.0,2.705357142857143,4.256155159942514,1.154559125771772,0.0,851.583423793984,597.916576206016,0.0,923.8351742909998,677.1648257090002,0.0,24,119.77,0.2087334056942473,18.11875,0.15127953577690573,8.440177777777777,62.983755555555554,536.364714074074,886.3801559800186,781.653497372558,1
38,2003,23E,2003-09-12,2003-10-08,907.7391304347826,907.7391304347826,924.2173913043479,924.2173913043479,25.0,26.0,0.6337792642140468,2.7055344085047466,-1.631816459786798,0.0,1058.6822971002946,756.3177028997053,0.0,1068.0250750676323,774.8915915990344,0.0,23,119.77,0.2087334056942473,22.693478260869565,0.18947548017758675,6.280608,62.40311066666667,760.7657307999999,1003.7786024964402,885.1812057565608,2
39,2003,23W,2003-05-22,2003-06-20,635.0666666666667,635.0666666666667,728.1333333333333,728.1333333333333,15.0,29.0,3.209195402298851,4.669804395452598,1.748586409145104,0.0,750.5873512708906,519.5459820624428,0.0,857.8829823832301,598.3836842834364,0.0,15,126.48,0.11859582542694497,9.526,0.07531625553447185,12.492976190476186,67.00502261904761,859.9481842857141,2854.4574414354693,2517.2005793972853,0
40,2003,23W,2003-06-20,2003-07-18,728.1333333333333,728.1333333333333,809.2,809.2,15.0,28.0,2.895238095238095,4.215852847395271,1.574623343080919,0.0,857.8829823832301,598.3836842834364,0.0,943.3219061685515,675.0780938314485,0.0,15,126.48,0.11859582542694497,10.921999999999999,0.08635357368753951,8.874972839506173,62.776618518518525,694.872172962963,2011.7064740055753,1774.0214404449307,1
41,2003,23W,2003-09-12,2003-10-08,922.9333333333333,922.9333333333333,958.1333333333333,958.1333333333333,15.0,26.0,1.3538461538461537,3.6233935335096885,-0.9157012258173809,0.0,1080.2606536381224,765.6060130285441,0.0,1106.6727941798417,809.5938724868248,0.0,15,126.48,0.11859582542694497,13.844,0.10945604048070841,5.7890880000000005,62.50711733333332,963.4428728,2200.524677689685,1940.5305937484663,2
42,2004,15E,2004-05-19,2004-06-17,679.7894736842105,679.7894736842105,744.8421052631579,744.8421052631579,20.0,29.0,2.2431941923774956,3.960931859276496,0.5254565254784951,0.0,842.4534799897494,517.1254673786716,0.0,903.2253845507606,586.4588259755553,0.0,19,132.26,0.15121729925903524,13.59578947368421,0.10279592827524732,8.755742857142858,63.17417380952382,361.0322103571429,878.0313977768645,774.2911528929505,0
43,2004,15E,2004-06-17,2004-07-15,744.8421052631579,744.8421052631579,776.6315789473684,776.6315789473684,20.0,28.0,1.1353383458646615,2.6007468645874905,-0.330070172858167,0.0,903.2253845507606,586.4588259755553,0.0,933.8454794979107,619.4176783968262,0.0,19,132.26,0.15121729925903524,14.89684210526316,0.11263301153230879,8.727014814814813,64.45504320987654,484.74775222222235,1075.9451106462966,948.8211723193639,1
44,2004,15E,2004-07-15,2004-08-12,776.6315789473684,776.6315789473684,827.4736842105264,827.4736842105264,20.0,28.0,1.8157894736842106,3.6761106406479933,-0.04453169327957207,0.0,933.8454794979107,619.4176783968262,0.0,989.7061360228954,665.2412323981573,0.0,19,132.26,0.15121729925903524,15.532631578947369,0.11744012988770126,7.065155555555556,60.4222888888889,460.13373851851856,979.5070453313278,863.7773561590798,2
45,2004,15E,2004-08-12,2004-09-09,827.4736842105264,827.4736842105264,892.5263157894736,892.5263157894736,20.0,28.0,2.3233082706766917,4.319948843438635,0.32666769791474826,0.0,989.7061360228954,665.2412323981573,0.0,1048.4986480187913,736.553983560156,0.0,19,132.26,0.15121729925903524,16.549473684210525,0.12512833573423957,6.815962962962964,60.02846049382716,461.96724111111115,922.9868646464791,813.9350885875607,3
46,2004,15E,2004-09-09,2004-10-12,892.5263157894736,892.5263157894736,913.2631578947369,913.2631578947369,20.0,33.0,0.6283891547049442,1.8178910240651185,-0.5611127146552298,0.0,1048.4986480187913,736.553983560156,0.0,1070.6316493574918,755.8946664319819,0.0,19,132.26,0.15121729925903524,17.850526315789473,0.13496541899130102,7.086887499999999,63.168149999999976,562.8878168750001,1042.6519272156672,919.4616101815533,4
47,2004,23E,2004-05-19,2004-06-17,678.4,678.4,742.88,742.88,25.0,29.0,2.223448275862069,4.075220573444238,0.37167597827989995,0.0,845.5406593262094,511.2593406737905,0.0,929.500577643517,556.2594223564829,0.0,25,119.77,0.2087334056942473,16.96,0.14160474242297738,9.160591428571426,63.38614452380951,339.8679121428572,600.0291839232018,529.1351650586201,0
48,2004,23E,2004-06-17,2004-07-15,742.0,742.0,790.5833333333334,790.5833333333334,25.0,28.0,1.7351190476190477,3.4858541288263396,-0.1772827002549111,0.0,929.500577643517,556.2594223564829,0.0,972.0770078495381,606.322992150462,0.0,24,119.77,0.2087334056942473,18.55,0.1548801870251315,8.743323456790122,64.40727654320987,442.1469337037036,713.691890157582,629.3685144285666,1
49,2004,23E,2004-07-15,2004-08-12,789.2,789.2,843.36,843.36,25.0,28.0,1.9342857142857142,3.6761619019239813,0.19240952664744726,0.0,972.0770078495381,606.322992150462,0.0,1007.655952476012,679.0640475239879,0.0,25,119.77,0.2087334056942473,19.73,0.16473240377389997,7.127567901234568,60.944679012345674,402.4812807407408,610.8107323152373,538.6428632520756,2
50,2004,23E,2004-08-12,2004-09-09,843.36,843.36,886.28,886.28,25.0,28.0,1.5328571428571427,3.0600093545082996,0.005704931205985364,0.0,1007.655952476012,679.0640475239879,0.0,1058.811562329911,713.748437670089,0.0,25,119.77,0.2087334056942473,21.084,0.17603740502630041,6.8604888888888915,59.4699962962963,382.150891111111,542.7126283956763,478.59061508964646,3
51,2004,23E,2004-09-09,2004-10-12,886.28,886.28,886.24,886.24,25.0,33.0,-0.001212121212121211,1.7201653783119568,-1.7225896207361993,0.0,1058.811562329911,713.748437670089,0.0,1078.866477930735,693.6135220692651,0.0,25,119.77,0.2087334056942473,22.157,0.1849962427986975,7.147181250000004,63.01490208333331,463.7299599999999,626.6748353703117,552.6326074402986,4
52,2004,23W,2004-05-19,2004-06-17,682.4,682.4,763.8666666666667,763.8666666666667,15.0,29.0,2.80919540229885,4.694869537486093,0.9235212671116092,0.0,868.2921346218976,496.50786537810234,0.0,949.9560461133647,577.7772872199687,0.0,15,126.48,0.11859582542694497,10.236,0.08092979127134725,8.96679380952381,63.730445238095236,462.83945714285704,1429.7561190755314,1260.8290735362514,0
53,2004,23W,2004-06-17,2004-07-15,763.8666666666667,763.8666666666667,814.2666666666667,814.2666666666667,15.0,28.0,1.8,4.358898040890546,-0.758898040890545,0.0,949.9560461133647,577.7772872199687,0.0,967.8892096552714,660.6441236780619,0.0,15,126.48,0.11859582542694497,11.458,0.09059139784946237,8.592577777777779,64.71325308641975,566.8405088888888,1564.277962215628,1379.457032944031,1
54,2004,23W,2004-07-15,2004-08-12,814.2666666666667,814.2666666666667,880.8,880.8,15.0,28.0,2.376190476190476,3.773084156236588,0.9792967961443634,0.0,967.8892096552714,660.6441236780619,0.0,1050.593488012434,711.006511987566,0.0,15,126.48,0.11859582542694497,12.214,0.0965686274509804,7.172841975308642,61.12482716049384,538.7832588888889,1394.8196042301186,1230.0203411535501,2
55,2004,23W,2004-08-12,2004-09-09,880.8,880.8,952.2666666666667,952.2666666666667,15.0,28.0,2.552380952380952,4.525450367138552,0.5793115376233531,0.0,1050.593488012434,711.006511987566,0.0,1145.4531790618869,759.0801542714464,0.0,15,126.48,0.11859582542694497,13.211999999999998,0.1044592030360531,6.9501901234567915,59.84349382716049,532.8246107407407,1275.1978649426449,1124.5320241543259,3
56,2004,23W,2004-09-09,2004-10-12,952.2666666666667,952.2666666666667,983.7333333333333,983.7333333333333,15.0,33.0,0.9535353535353536,2.8573210144178125,-0.9502503073471051,0.0,1145.4531790618869,759.0801542714464,0.0,1156.990862545115,810.4758041215515,0.0,15,126.48,0.11859582542694497,14.284,0.1129348513598988,7.13526875,63.3546114583333,616.5814984375002,1364.9052772748357,1203.6404203843515,4
57,2005,15E,2005-05-17,2005-06-16,599.0,599.0,675.6666666666666,675.6666666666666,20.0,30.0,2.5555555555555554,6.740848458124713,-1.1008484581247147,0.0,758.4796169892578,457.32038301074215,0.0,875.0386765073436,509.96132349265633,0.0,18,132.26,0.15121729925903524,11.98,0.09057916225616211,10.972565517241382,65.26136436781611,951.9154100000002,2627.302423343072,2316.884142776098,0
58,2005,15E,2005-06-16,2005-07-14,684.421052631579,684.421052631579,756.1052631578947,756.1052631578947,20.0,28.0,2.5601503759398496,6.534485458248614,-1.8987711725343284,0.0,875.0386765073437,509.96132349265633,0.0,906.6731865089183,608.1268134910816,0.0,19,132.26,0.15121729925903524,13.688421052631579,0.10349630313497339,10.460782716049383,63.90745802469135,809.0188429629629,1954.221596465845,1723.3284558696125,1
59,2005,15E,2005-07-14,2005-08-11,757.4,757.4,846.0,846.0,20.0,28.0,3.164285714285714,5.016926295017678,1.3116451335537511,0.0,906.6731865089183,608.1268134910816,0.0,995.1449312793291,696.8550687206709,0.0,20,132.26,0.15121729925903524,15.148,0.11453198245879329,8.123244444444444,62.06012839506174,774.3726177777779,1690.2977691327058,1490.5874797961926,2
60,2005,15E,2005-08-11,2005-09-08,846.0,846.0,894.25,894.25,20.0,28.0,1.7232142857142858,3.507908543258375,-0.0614799718298038,0.0,995.1449312793291,696.8550687206709,0.0,1069.0969631601183,719.4030368398817,0.0,20,132.26,0.15121729925903524,16.919999999999998,0.1279298351731438,7.12412839506173,60.78473333333332,682.043826666667,1332.8474662371952,1175.370270216137,3
61,2005,15E,2005-09-08,2005-10-18,894.25,894.25,910.9,910.9,20.0,40.0,0.41625000000000006,1.5519295728132398,-0.7194295728132398,0.0,1069.0969631601183,719.4030368398817,0.0,1071.56083923333,750.23916076667,0.0,20,132.26,0.15121729925903524,17.884999999999998,0.13522606986239225,6.254429059829061,59.60994957264955,662.8536476923076,1225.4546190073331,1080.6659900450554,4
62,2005,23E,2005-05-17,2005-06-16,608.6666666666666,608.6666666666666,688.75,688.75,25.0,30.0,2.6694444444444443,4.060951020050803,1.1550489799491976,0.0,735.3133562711191,481.4866437288809,0.0,817.5527954021303,555.7272045978698,0.0,24,119.77,0.2087334056942473,15.216666666666665,0.1270490662658985,10.293034482758621,66.1374275862069,897.1126237931034,1765.287715526287,1556.7172926883993,0
63,2005,23E,2005-06-16,2005-07-14,686.64,686.64,774.0,774.0,25.0,28.0,3.12,5.290112383058085,0.9498876169419148,0.0,817.5527954021302,555.7272045978698,0.0,921.803924169827,626.196075830173,0.0,25,119.77,0.2087334056942473,17.166,0.14332470568589797,10.680997530864197,64.29334567901233,722.5656411111113,1260.3647739117703,1111.4514769388827,1
64,2005,23E,2005-07-14,2005-08-11,774.0,774.0,835.6,835.6,25.0,28.0,2.2,4.457640089897016,-0.0576400898970153,0.0,921.803924169827,626.196075830173,0.0,971.4639024906911,699.7360975093089,0.0,25,119.77,0.2087334056942473,19.35,0.16155965600734742,8.407545679012348,62.5692975308642,729.7587011111112,1129.2403053240023,995.8194890482856,2
65,2005,23E,2005-08-11,2005-09-08,835.6,835.6,915.48,915.48,25.0,28.0,2.8528571428571428,4.583891397814778,1.1218228878995078,0.0,971.4639024906911,699.7360975093089,0.0,1071.6652745939898,759.2947254060102,0.0,25,119.77,0.2087334056942473,20.89,0.17441763379811306,7.366659259259258,61.455823456790135,690.2683466666668,989.3901373895008,872.4927514891847,3
66,2005,23E,2005-09-08,2005-10-18,915.48,915.48,931.44,931.44,25.0,40.0,0.39899999999999997,1.519089282155668,-0.721089282155668,0.0,1071.6652745939898,759.2947254060102,0.0,1090.27500873548,772.6049912645201,0.0,25,119.77,0.2087334056942473,22.887,0.19109125824496953,6.484164102564102,59.6197111111111,614.0680464102564,803.3701437339583,708.4511970375148,4
67,2005,23W,2005-05-17,2005-06-16,605.7142857142857,605.7142857142857,697.2857142857143,697.2857142857143,14.0,30.0,3.0523809523809526,5.420344792318706,0.6844171124432,0.0,723.7800152191529,487.6485562094184,0.0,841.08571275734,553.4857158140886,0.0,14,126.48,0.11068943706514864,8.479999999999999,0.06704617330803288,11.745301149425288,66.71397126436781,979.5349734482757,3652.4641344851984,3220.9220225509503,0
68,2005,23W,2005-06-16,2005-07-14,697.2857142857143,697.2857142857143,783.4285714285714,783.4285714285714,14.0,28.0,3.0765306122448983,5.511747533432954,0.6413136910568428,0.0,841.08571275734,553.4857158140886,0.0,928.0508532374421,638.8062896197008,0.0,14,126.48,0.11068943706514864,9.762,0.07718216318785578,10.920893827160496,64.30497777777776,927.1977840740743,3003.277395249153,2648.4373141013402,1
69,2005,23W,2005-07-14,2005-08-11,783.4285714285714,783.4285714285714,866.4285714285714,866.4285714285714,14.0,28.0,2.9642857142857144,4.760573094313851,1.1679983342575766,0.0,928.0508532374421,638.8062896197008,0.0,1039.1615483573598,693.6955944997832,0.0,14,126.48,0.11068943706514864,10.968,0.08671726755218216,8.328567901234566,62.14399382716048,936.8269329629629,2700.8084992969443,2381.705405932595,2
70,2005,23W,2005-08-11,2005-09-08,866.4285714285714,866.4285714285714,935.7142857142857,935.7142857142857,14.0,28.0,2.4744897959183674,4.085983122717739,0.8629964691189957,0.0,1039.1615483573598,693.6955944997832,0.0,1088.9355220124805,782.4930494160908,0.0,14,126.48,0.11068943706514864,12.13,0.0959044908285895,6.982866666666666,61.966370370370385,992.3231703703706,2586.7484457634887,2281.121656224939,3
71,2005,23W,2005-09-08,2005-10-18,935.7142857142857,935.7142857142857,969.5714285714286,969.5714285714286,14.0,40.0,0.8464285714285714,2.526536005199099,-0.8336788623419561,0.0,1088.9355220124805,782.4930494160908,0.0,1150.295795227662,788.8470619151951,0.0,14,126.48,0.11068943706514864,13.1,0.10357368753953193,6.013352136752136,60.400935897435886,920.0210823076925,2220.6921085930717,1958.3152235061375,4
72,2006,15E,2006-05-18,2006-06-15,641.3684210526316,641.3684210526316,711.7894736842105,711.7894736842105,20.0,28.0,2.5150375939849625,4.536073582324955,0.4940016056449688,0.0,780.6386997423642,502.09814236289895,0.0,850.7699721268641,572.8089752415569,0.0,19,132.26,0.15121729925903524,12.827368421052633,0.09698600046161072,8.738318518518518,62.139565925925915,651.5064751851853,1679.3827771129363,1480.96210446656,0
73,2006,15E,2006-06-15,2006-07-13,711.7894736842105,711.7894736842105,732.5263157894736,732.5263157894736,20.0,28.0,0.7406015037593985,3.321151324856095,-1.839948317337298,0.0,850.7699721268641,572.8089752415569,0.0,874.7070754619857,590.3455561169616,0.0,19,132.26,0.15121729925903524,14.23578947368421,0.10763488185153645,7.18411111111111,60.786225925925926,547.0491755555554,1270.6131277918673,1120.488978059192,1
74,2006,15E,2006-07-13,2006-08-10,732.5263157894736,732.5263157894736,817.0526315789474,817.0526315789474,20.0,28.0,3.018796992481203,5.221348973918753,0.8162450110436521,0.0,874.7070754619857,590.3455561169616,0.0,983.6583748299245,650.4468883279702,0.0,19,132.26,0.15121729925903524,14.650526315789474,0.1107706511098554,7.626844444444443,63.44223209876544,514.6698044444444,1161.5662616581242,1024.326102891126,2
75,2006,15E,2006-08-10,2006-09-07,817.0526315789474,817.0526315789474,859.4736842105264,859.4736842105264,20.0,28.0,1.5150375939849623,2.7999161862175743,0.2301590017523507,0.0,983.6583748299245,650.4468883279702,0.0,1029.871361486517,689.0760069345358,0.0,19,132.26,0.15121729925903524,16.341052631578947,0.12355249229985595,7.148644444444447,60.000930864197535,613.8413707407408,1242.0659415978785,1095.3146690698331,3
76,2006,23E,2006-05-18,2006-06-15,647.6666666666666,647.6666666666666,697.2,697.2,30.0,28.0,1.769047619047619,3.6147065042751363,-0.07661126617989833,0.0,792.6810535866997,502.65227974663344,0.0,848.6831503091555,545.7168496908446,0.0,30,119.77,0.2504800868330968,19.43,0.162227602905569,8.795444444444444,61.92291728395062,574.0282614814815,884.6032537009398,780.0865377880493,0
77,2006,23E,2006-06-15,2006-07-13,697.2,697.2,719.6666666666666,719.6666666666666,30.0,28.0,0.8023809523809523,2.829566873459897,-1.2248049686979918,0.0,848.6831503091555,545.7168496908446,0.0,865.4920227703244,573.8413105630087,0.0,30,119.77,0.2504800868330968,20.916,0.17463471654003507,7.608799999999997,61.521929629629625,501.8884937037036,718.4832770473869,633.5937943994841,1
78,2006,23E,2006-07-13,2006-08-10,719.6666666666666,719.6666666666666,809.5333333333333,809.5333333333333,30.0,28.0,3.2095238095238097,5.17181791854585,1.2472297005017698,0.0,865.4920227703244,573.8413105630087,0.0,974.2702395682813,644.7964270983853,0.0,30,119.77,0.2504800868330968,21.59,0.18026216915755197,9.437012345679014,64.83258271604937,590.638972962963,819.1388350135951,722.3568024423294,2
79,2006,23E,2006-08-10,2006-09-07,809.5333333333333,809.5333333333333,862.1333333333333,862.1333333333333,30.0,28.0,1.8785714285714288,4.1996001929305455,-0.4424573357876873,0.0,974.2702395682813,644.7964270983853,0.0,1037.854428960113,686.4122377065536,0.0,30,119.77,0.2504800868330968,24.286,0.20277197962761961,7.402777777777777,61.950879012345695,701.7247014814815,865.1647811129562,762.9447392273871,3
80,2006,23W,2006-05-18,2006-06-15,650.9333333333333,650.9333333333333,710.9333333333333,710.9333333333333,15.0,28.0,2.1428571428571432,3.5619584065101133,0.7237558792041725,0.0,802.4491033753609,499.4175632913057,0.0,867.703957403752,554.1627092629145,0.0,15,126.48,0.11859582542694497,9.764,0.07719797596457938,8.822140740740739,62.17189358024689,762.6306359259258,2469.7235464950613,2177.9233601262395,0
81,2006,23W,2006-06-15,2006-07-13,710.9333333333333,710.9333333333333,748.5333333333333,748.5333333333333,15.0,28.0,1.3428571428571427,2.6442916507850884,0.0414226349291964,0.0,867.703957403752,554.1627092629145,0.0,894.7742304859424,602.2924361807242,0.0,15,126.48,0.11859582542694497,10.664,0.08431372549019607,7.789977777777778,61.56239851851852,665.2174451851852,1972.4470758397931,1739.4005775183505,1
82,2006,23W,2006-07-13,2006-08-10,748.5333333333333,748.5333333333333,827.8666666666667,827.8666666666667,15.0,28.0,2.8333333333333335,4.265471737316435,1.4011949293502317,0.0,894.7742304859424,602.2924361807242,0.0,998.6216289455333,657.1117043878,0.0,15,126.48,0.11859582542694497,11.228,0.0887729285262492,9.506311111111112,64.98594938271604,701.6576955555558,1975.9900546372176,1742.524950000563,2
83,2006,23W,2006-08-10,2006-09-07,827.8666666666667,827.8666666666667,885.3333333333334,885.3333333333334,15.0,28.0,2.052380952380952,4.592324249652128,-0.48756234489022304,0.0,998.6216289455333,657.1117043878,0.0,1066.325835151187,704.3408315154799,0.0,15,126.48,0.11859582542694497,12.418,0.09818153067678684,7.459224691358026,62.12454197530864,858.3576088888889,2185.639200601278,1927.4038499380206,3
84,2007,15E,2007-05-17,2007-06-14,627.4736842105264,627.4736842105264,741.7894736842105,741.7894736842105,20.0,28.0,4.082706766917293,5.466400355990588,2.699013177843998,0.0,747.3042663715617,507.64310204949106,0.0,887.0739496180433,596.5049977503778,0.0,19,132.26,0.15121729925903524,12.549473684210529,0.09488487588243255,9.650627160493825,65.3973987654321,609.6718248148148,1606.3461619801003,1416.554834888515,0
85,2007,15E,2007-06-14,2007-07-12,746.0,746.0,796.1111111111111,796.1111111111111,20.0,28.0,1.7896825396825398,4.731285194370667,-1.5884280515135243,0.0,887.0739496180432,596.5049977503778,0.0,984.7255914390527,586.8533559293684,0.0,18,132.26,0.15121729925903524,14.92,0.11280810524724029,6.740977777777778,58.5502814814815,439.8635203703703,974.8047788905022,859.6306669713179,1
86,2007,15E,2007-07-12,2007-08-09,796.1111111111111,796.1111111111111,834.3333333333334,834.3333333333334,20.0,28.0,1.3650793650793651,3.732028301334663,-0.7169907073497004,0.0,984.7255914390527,586.8533559293684,0.0,992.4262752725367,663.5737247274633,0.0,18,132.26,0.15121729925903524,15.922222222222222,0.12038577213233195,7.494659259259261,62.695227160493836,603.6463629629629,1253.5666637985576,1105.4565700023195,2
87,2007,15E,2007-08-09,2007-09-06,828.0,828.0,907.578947368421,907.578947368421,20.0,28.0,2.8421052631578947,4.609986139432093,1.0742243868836976,0.0,992.4262752725368,663.5737247274633,0.0,1095.9782992501982,719.1795954866438,0.0,19,132.26,0.15121729925903524,16.56,0.12520792378648118,9.47935061728395,63.86773827160492,889.1709999999999,1775.38883544686,1565.6249556815603,3
88,2007,23E,2007-05-17,2007-06-14,626.1333333333333,626.1333333333333,721.4,721.4,30.0,28.0,3.4023809523809523,4.694830470354285,2.109931434407619,0.0,761.7325399224068,490.5341267442599,0.0,876.3872964760839,566.4127035239161,0.0,30,119.77,0.2504800868330968,18.784,0.15683393170242965,9.791688888888885,65.64687382716049,598.9500907407408,954.7520811331257,841.9472145293146,0
89,2007,23E,2007-06-14,2007-07-12,721.4,721.4,769.0666666666667,769.0666666666667,30.0,28.0,1.7023809523809523,3.192407613582281,0.21235429117962276,0.0,876.3872964760839,566.4127035239161,0.0,937.3600066295486,600.773326703785,0.0,30,119.77,0.2504800868330968,21.642,0.180696334641396,6.639333333333333,58.8510148148148,478.5289566666668,662.0623456700707,583.8390497354006,1
90,2007,23E,2007-07-12,2007-08-09,769.0666666666667,769.0666666666667,802.1333333333333,802.1333333333333,30.0,28.0,1.180952380952381,2.3663669077241307,-0.004462145819369434,0.0,937.3600066295486,600.773326703785,0.0,961.727992305411,642.5386743612555,0.0,30,119.77,0.2504800868330968,23.072,0.19263588544710694,7.641903703703705,62.94407777777777,611.4258407407407,793.4994034491864,699.7466941070338,2
91,2007,23E,2007-08-09,2007-09-06,802.1333333333333,802.1333333333333,866.1333333333333,866.1333333333333,30.0,28.0,2.2857142857142856,3.5677286665325783,1.0036999048959918,0.0,961.727992305411,642.5386743612555,0.0,1044.6995771989527,687.5670894677139,0.0,30,119.77,0.2504800868330968,24.064,0.2009184269850547,9.58983209876543,63.99282716049382,907.7413881481481,1129.4899648697608,996.0396510812216,3
92,2007,23W,2007-05-17,2007-06-14,624.4,624.4,736.4,736.4,15.0,28.0,4.0,6.101124230518026,1.8988757694819731,0.0,743.5872476400054,505.2127523599945,0.0,880.3142601888857,592.4857398111143,0.0,15,126.48,0.11859582542694497,9.366,0.07405123339658444,9.985661728395062,65.80962592592594,782.9255262962963,2643.1886762213207,2330.893419764817,0
93,2007,23W,2007-06-14,2007-07-12,736.4,736.4,802.4,802.4,15.0,28.0,2.3571428571428568,3.2332094706890313,1.4810762435966822,0.0,880.3142601888857,592.4857398111143,0.0,940.7015339239384,664.0984660760615,0.0,15,126.48,0.11859582542694497,11.046,0.08733396584440227,6.926333333333333,58.561155555555565,585.1404781481482,1675.0083214778606,1477.1044949260151,1
94,2007,23W,2007-07-12,2007-08-09,802.4,802.4,818.4,818.4,15.0,28.0,0.5714285714285714,1.9695739485717432,-0.8267168057146004,0.0,940.7015339239384,664.0984660760615,0.0,982.0927435340806,654.7072564659194,0.0,15,126.48,0.11859582542694497,12.036,0.09516129032258064,7.425197530864199,62.4504024691358,732.6581288888889,1924.7798301318269,1697.365262234748,2
95,2007,23W,2007-08-09,2007-09-06,818.4,818.4,895.3333333333334,895.3333333333334,15.0,28.0,2.7476190476190476,4.2141553966311545,1.2810826986069404,0.0,982.0927435340806,654.7072564659194,0.0,1069.3136277840063,721.3530388826605,0.0,15,126.48,0.11859582542694497,12.276,0.09705882352941177,9.201802469135801,63.64036419753085,1206.2806407407409,3107.086498877666,2739.9812733866456,3
96,2008,15E,2008-07-10,2008-08-07,739.2631578947369,739.2631578947369,789.6842105263158,789.6842105263158,20.0,28.0,1.800751879699248,4.103454590664251,-0.8320260192356792,0.0,930.6712378620798,560.1287621379201,0.0,960.7201897616981,621.679810238302,0.0,19,132.26,0.15121729925903524,14.785263157894736,0.11178937817854784,6.281044444444445,58.54615185185186,544.8498255555555,1218.4740501135357,1074.5101820063999,0
97,2008,15E,2008-08-07,2008-09-03,791.2,791.2,813.2,813.2,20.0,27.0,0.8148148148148147,2.014771495860953,-0.38514186623132374,0.0,960.7201897616981,621.679810238302,0.0,991.7987564051712,634.6012435948289,0.0,20,132.26,0.15121729925903524,15.824,0.11964312717374868,8.040341025641027,62.88834871794874,717.7099830769232,1499.6891171915106,1322.4994214003295,1
98,2008,15E,2008-09-03,2008-10-13,813.2,813.2,891.0,891.0,20.0,40.0,1.9449999999999998,3.0482368643892244,0.8417631356107753,0.0,991.7987564051712,634.6012435948289,0.0,1090.4112386633792,691.5887613366208,0.0,20,132.26,0.15121729925903524,16.264,0.12296990775744746,9.295866666666667,63.545542735042744,894.8870925641025,1819.3213056832299,1604.36676276828,2
99,2008,23E,2008-07-10,2008-08-07,734.2758620689655,734.2758620689655,767.2413793103449,767.2413793103449,30.0,28.0,1.1773399014778323,2.4080810074624814,-0.012842912224386938,0.0,940.9421786479624,541.4578213520377,0.0,979.1678604124668,570.2988062541999,0.0,29,119.77,0.2504800868330968,22.028275862068963,0.18392148169048145,6.288377777777779,58.50819259259259,495.3559129629629,673.3252532683887,593.7712340870183,0
100,2008,23E,2008-08-07,2008-09-03,767.2413793103449,767.2413793103449,793.5862068965517,793.5862068965517,30.0,27.0,0.9757343550446997,2.200287157414342,-0.328682219142737,0.0,979.1678604124668,570.2988062541999,0.0,998.0219423578418,601.9780576421582,0.0,29,119.77,0.2504800868330968,23.017241379310345,0.19217868731160012,8.391633333333333,63.6199653846154,681.8939184615385,887.0571549850246,782.2505083011201,1
101,2008,23E,2008-09-03,2008-10-13,793.5862068965517,793.5862068965517,849.7241379310345,849.7241379310345,30.0,40.0,1.403448275862069,2.944879394521891,-0.06821272785522492,0.0,998.0219423578418,601.9780576421582,0.0,1079.3553495908538,635.7113170758128,0.0,29,119.77,0.2504800868330968,23.807586206896552,0.1987775420129962,9.185129914529915,63.57239145299147,857.3655100000001,1078.2977560210813,950.8958504051393,2
102,2008,23W,2008-07-10,2008-08-07,747.6,747.6,832.8,832.8,15.0,28.0,3.042857142857143,4.84263847068237,1.2430758150319163,0.0,923.2649408065578,571.9350591934423,0.0,1037.1878665674653,628.4121334325345,0.0,15,126.48,0.11859582542694497,11.214,0.08866223908918407,6.5868,59.32325185185186,637.171051111111,1796.6246331490395,1584.351723684452,0
103,2008,23W,2008-08-07,2008-09-03,832.8,832.8,844.5333333333333,844.5333333333333,15.0,27.0,0.4345679012345679,2.2061178392362115,-1.336982036767076,0.0,1037.1878665674653,628.4121334325345,0.0,1034.249211123555,654.8174555431117,0.0,15,126.48,0.11859582542694497,12.491999999999999,0.09876660341555976,7.854233333333332,63.075423076923066,848.9625642307692,2148.911005521688,1895.015126045165,1
104,2008,23W,2008-09-03,2008-10-13,844.5333333333333,844.5333333333333,934.5333333333333,934.5333333333333,15.0,40.0,2.25,3.5662446581088187,0.9337553418911817,0.0,1034.249211123555,654.8174555431117,0.0,1140.4587012287366,728.6079654379301,0.0,15,126.48,0.11859582542694497,12.668000000000001,0.10015812776723593,9.3426735042735,63.79204188034188,1148.3284874358974,2866.288820076024,2527.6340693967354,2
105,2009,15E,2009-05-15,2009-06-12,535.0526315789474,535.0526315789474,637.8947368421053,637.8947368421053,20.0,28.0,3.6729323308270674,5.957882861120042,1.3879818005340931,0.0,718.7411551295779,351.3641080283169,0.0,857.4986865717085,418.2907871125021,0.0,19,132.26,0.15121729925903524,10.70105263157895,0.08090921390880804,10.639637037037039,67.30486172839507,635.7909303703703,1964.5195511569425,1732.4096974179197,0
106,2009,15E,2009-06-12,2009-07-09,637.8947368421053,637.8947368421053,718.421052631579,718.421052631579,20.0,27.0,2.9824561403508776,4.653384199118109,1.3115280815836472,0.0,857.4986865717085,418.2907871125021,0.0,951.4410427385947,485.40106252456326,0.0,19,132.26,0.15121729925903524,12.757894736842106,0.09646071931681617,10.098115384615385,65.3648358974359,1274.5609230769228,3303.3159303186076,2913.026010837534,1
107,2009,15E,2009-07-09,2009-08-06,718.421052631579,718.421052631579,791.7894736842105,791.7894736842105,20.0,28.0,2.6203007518796992,4.130559263976876,1.1100422397825234,0.0,951.4410427385947,485.40106252456326,0.0,1030.065739701975,553.5132076664461,0.0,19,132.26,0.15121729925903524,14.368421052631579,0.10863769130978058,8.607772839506172,63.45864814814814,1380.997951851852,3177.989920445598,2802.5073882487022,2
108,2009,15E,2009-08-06,2009-09-03,791.7894736842105,791.7894736842105,823.8947368421053,823.8947368421053,20.0,28.0,1.1466165413533833,3.0002859362466343,-0.7070528535398672,0.0,1030.065739701975,553.5132076664461,0.0,1059.338774220082,588.4506994641285,0.0,19,132.26,0.15121729925903524,15.83578947368421,0.11973226579225928,6.8549975308642,62.40303703703702,1195.3048962962964,2495.7869300874227,2200.907330154096,3
109,2009,15E,2009-09-03,2009-09-29,823.8947368421053,823.8947368421053,837.2631578947369,837.2631578947369,20.0,26.0,0.51417004048583,2.7290372765178708,-1.7006971955462102,0.0,1059.338774220082,588.4506994641285,0.0,1054.0599339437897,620.466381845684,0.0,19,132.26,0.15121729925903524,16.477894736842106,0.12458713697899673,5.946101333333332,60.45844799999998,1081.8848984,2170.94020424915,1914.441553987471,4
110,2009,23E,2009-05-15,2009-06-12,528.4137931034483,528.4137931034483,639.3793103448276,639.3793103448276,30.0,28.0,3.9630541871921183,6.328268121673753,1.5978402527104847,0.0,746.9370274308001,309.8905587760965,0.0,904.4733265700597,374.2852941195954,0.0,29,119.77,0.2504800868330968,15.852413793103448,0.13235713278035777,10.660898765432101,67.5518839506173,625.3684566666666,1181.2141203308713,1041.6525483714565,0
111,2009,23E,2009-06-12,2009-07-09,642.2857142857143,642.2857142857143,704.3571428571429,704.3571428571429,30.0,27.0,2.2989417989417986,4.397982137820961,0.1999014600626361,0.0,907.9758309540581,376.59559761737063,0.0,981.524017123308,427.1902685909778,0.0,28,119.77,0.2504800868330968,19.26857142857143,0.1608797814859433,11.014817948717946,65.25483846153844,1165.792391153846,1811.5893438973028,1597.54833962247,1
112,2009,23E,2009-07-09,2009-08-06,704.3571428571429,704.3571428571429,761.2142857142857,761.2142857142857,30.0,28.0,2.0306122448979593,3.5244560640098372,0.5070710295862213,0.0,983.4327946664946,415.1878949886777,0.0,1047.7368792203783,466.7458794003114,0.0,28,119.77,0.2504800868330968,21.130714285714287,0.1764274383043691,8.730234567901235,62.797745679012344,1414.098603703704,2003.7963160584598,1767.0458751838878,2
113,2009,23E,2009-08-06,2009-09-03,757.2413793103449,757.2413793103449,825.1034482758621,825.1034482758621,30.0,28.0,2.4236453201970445,3.8205363014088825,1.0267543389852067,0.0,1047.7368792203783,466.74587940031137,0.0,1126.8963175763,523.3105789754243,0.0,29,119.77,0.2504800868330968,22.717241379310344,0.18967388644326913,6.972135802469136,61.437358024691335,1287.7828925925921,1697.364509080384,1496.8192776967423,3
114,2009,23E,2009-09-03,2009-09-29,825.1034482758621,825.1034482758621,825.5862068965517,825.5862068965517,30.0,26.0,0.018567639257294426,1.7318364955717274,-1.6947012170571385,0.0,1126.8963175763,523.3105789754243,0.0,1120.866419475869,530.3059943172346,0.0,29,119.77,0.2504800868330968,24.753103448275866,0.20667198337042553,5.877509333333336,60.44213733333331,1203.8768679999998,1456.2651990452046,1284.2060804904672,4
115,2009,23W,2009-05-15,2009-06-12,545.1428571428571,545.1428571428571,670.1428571428571,670.1428571428571,15.0,28.0,4.464285714285714,7.624545972232705,1.3040254563387232,0.0,776.1439274985905,314.1417867871237,0.0,963.1140330119346,377.17168127377965,0.0,14,126.48,0.11859582542694497,8.177142857142858,0.0646516671184603,10.530859259259259,67.26119629629632,732.4607966666667,2832.335302833683,2497.692192515216,0
116,2009,23W,2009-06-12,2009-07-09,670.1428571428571,670.1428571428571,735.1428571428571,735.1428571428571,15.0,27.0,2.4074074074074074,3.9973807388447185,0.8174340759700964,0.0,963.1140330119346,377.17168127377965,0.0,1043.3629868418247,426.9227274438896,0.0,14,126.48,0.11859582542694497,10.052142857142858,0.07947614529682841,9.430400000000002,65.67077820512819,1516.8834384615386,4771.50543976518,4207.747533112323,1
117,2009,23W,2009-07-09,2009-08-06,735.1428571428571,735.1428571428571,822.1428571428571,822.1428571428571,15.0,28.0,3.107142857142857,4.855600351814958,1.3586853624707564,0.0,1043.3629868418247,426.9227274438896,0.0,1170.1306363901958,474.1550778955184,0.0,14,126.48,0.11859582542694497,11.027142857142856,0.08718487394957981,7.864427160493828,63.833359259259254,1675.2182148148147,4803.637772601518,4236.083400257828,2
118,2009,23W,2009-08-06,2009-09-03,822.1428571428571,822.1428571428571,863.4285714285714,863.4285714285714,15.0,28.0,1.4744897959183674,2.9268911220058342,0.022088469830900292,0.0,1170.1306363901958,474.1550778955184,0.0,1201.6009054130761,525.2562374440666,0.0,14,126.48,0.11859582542694497,12.332142857142856,0.09750271076172402,6.869318518518521,62.700306172839504,1450.3196814814814,3718.6650251851856,3279.3012150404425,3
119,2009,23W,2009-09-03,2009-09-29,863.4285714285714,863.4285714285714,867.2857142857143,867.2857142857143,15.0,26.0,0.1483516483516484,2.021958810321853,-1.7252555136185563,0.0,1201.6009054130761,525.2562374440666,0.0,1200.5183327701268,534.0530958013019,0.0,14,126.48,0.11859582542694497,12.951428571428572,0.10239902412577935,6.331442666666664,60.255611999999985,1359.7657920000001,3319.7723406273994,2927.5380806140092,4
120,2010,15E,2010-05-11,2010-06-18,611.1,611.1,710.7,710.7,20.0,38.0,2.6210526315789475,4.2244096580055555,1.0176956051523391,0.0,750.8053666602834,471.39463333971673,0.0,842.7900410605146,578.6099589394855,0.0,20,132.26,0.15121729925903524,12.222,0.09240889157719644,11.220691891891892,66.94523513513514,955.7597483783784,2585.6812371241267,2280.1805393015115,0
121,2010,15E,2010-06-18,2010-07-15,710.7,710.7,796.4,796.4,20.0,27.0,3.174074074074074,4.871490219999887,1.47665792814826,0.0,842.7900410605146,578.6099589394855,0.0,937.2282268356887,655.5717731643113,0.0,20,132.26,0.15121729925903524,14.214,0.10747013458339635,9.865866666666667,63.83092435897436,1230.3183269230767,2862.0005262214386,2523.8524415403535,1
122,2010,15E,2010-07-15,2010-08-12,796.4,796.4,849.8,849.8,20.0,28.0,1.9071428571428573,3.9999031258854325,-0.18561741159971823,0.0,937.2282268356887,655.5717731643113,0.0,993.6933815821906,705.9066184178093,0.0,20,132.26,0.15121729925903524,15.928,0.12042945712989568,8.141428205128205,62.3409282051282,1194.0042230769232,2478.638224261581,2185.784760234464,2
123,2010,15E,2010-08-12,2010-09-09,849.8,849.8,892.4,892.4,20.0,28.0,1.5214285714285714,3.5257070241402446,-0.4828498812831013,0.0,993.6933815821906,705.9066184178093,0.0,1044.7450377475939,740.0549622524061,0.0,20,132.26,0.15121729925903524,16.996,0.12850446091032813,7.589530864197532,60.06802222222222,1031.6858792592593,2007.1012942873272,1769.9603670911192,3
124,2010,15E,2010-09-09,2010-10-01,892.4,892.4,892.7,892.7,20.0,22.0,0.013636363636363641,2.987127332656568,-2.959854605383841,0.0,1044.7450377475939,740.0549622524061,0.0,1068.3125819734123,717.0874180265878,0.0,20,132.26,0.15121729925903524,17.848,0.13494631785876304,6.2299365079365066,59.72398412698409,905.5268952380951,1677.568735491238,1479.3623935880912,4
125,2010,23E,2010-05-11,2010-06-18,610.9333333333333,610.9333333333333,705.2666666666667,705.2666666666667,30.0,38.0,2.482456140350877,4.226008595762582,0.7389036849391724,0.0,757.1552714015103,464.7113952651563,0.0,867.8096901489392,542.7236431843941,0.0,30,119.77,0.2504800868330968,18.328,0.15302663438256658,11.426935135135134,66.96253693693696,830.4733754054054,1356.7464558640525,1196.4455714844164,0
126,2010,23E,2010-06-18,2010-07-15,705.2666666666667,705.2666666666667,779.3333333333334,779.3333333333334,30.0,27.0,2.74320987654321,4.672115126869615,0.8143046262168059,0.0,867.8096901489392,542.7236431843941,0.0,957.1499765945581,601.5166900721086,0.0,30,119.77,0.2504800868330968,21.157999999999998,0.17665525590715536,9.939420512820512,63.639566666666674,1054.6787942307694,1492.5663955125633,1316.2182560633137,1
127,2010,23E,2010-07-15,2010-08-12,777.3103448275862,777.3103448275862,838.0,838.0,30.0,28.0,2.167487684729064,3.4679647395287017,0.7558447842808211,0.0,957.1499765945581,601.5166900721086,0.0,1023.8126804559741,653.1206528773591,0.0,29,119.77,0.2504800868330968,23.319310344827585,0.19470076266867817,8.210428205128206,62.171074358974366,1040.2086469230767,1335.6504523472222,1177.8420808508945,2
128,2010,23E,2010-08-12,2010-09-09,838.4666666666667,838.4666666666667,871.8,871.8,30.0,28.0,1.1904761904761905,2.776503319781021,-0.3955509388286407,0.0,1023.8126804559743,653.1206528773592,0.0,1062.165999572149,681.434000427851,0.0,30,119.77,0.2504800868330968,25.154,0.21001920347332387,7.635708641975311,59.88215679012347,928.0186881481482,1104.683134685375,974.1637714808783,3
129,2010,23E,2010-09-09,2010-10-01,871.8,871.8,873.0,873.0,30.0,22.0,0.05454545454545458,2.3064753763582475,-2.197384467267338,0.0,1062.165999572149,681.434000427851,0.0,1065.0953427068318,680.9046572931682,0.0,30,119.77,0.2504800868330968,26.153999999999996,0.21836853970109374,6.18857142857143,59.701566666666636,779.6848090476191,892.6249290704418,787.1604445819419,4
130,2010,23W,2010-05-11,2010-06-18,609.7333333333333,609.7333333333333,723.8666666666667,723.8666666666667,15.0,38.0,3.0035087719298246,5.078974591838269,0.9280429520213804,0.0,759.1814609801622,460.2852056865044,0.0,894.7871995801484,552.946133753185,0.0,15,126.48,0.11859582542694497,9.146,0.07231182795698925,11.115189189189191,66.85633243243244,999.4046478378376,3455.1907899226358,3046.9567113067937,0
131,2010,23W,2010-06-18,2010-07-15,723.8666666666667,723.8666666666667,800.2666666666667,800.2666666666667,15.0,27.0,2.8296296296296295,4.447867833776829,1.211391425482431,0.0,894.7871995801484,552.946133753185,0.0,982.5925914748047,617.9407418585286,0.0,15,126.48,0.11859582542694497,10.858,0.08584756483238457,9.966374358974358,63.805356410256415,1319.2780000000005,3841.9202762939785,3387.993740982882,1
132,2010,23W,2010-07-15,2010-08-12,800.2666666666667,800.2666666666667,861.3333333333334,861.3333333333334,15.0,28.0,2.180952380952381,3.721653822810799,0.6402509390939641,0.0,982.5925914748047,617.9407418585286,0.0,1049.7462537274205,672.9204129392464,0.0,15,126.48,0.11859582542694497,12.004,0.09490828589500315,8.16667948717949,62.01011794871795,1205.151723076923,3174.5166181016584,2799.444459880715,2
133,2010,23W,2010-08-12,2010-09-09,861.3333333333334,861.3333333333334,895.2,895.2,15.0,28.0,1.2095238095238094,2.6134437693663624,-0.19439615031874347,0.0,1049.7462537274205,672.9204129392464,0.0,1071.9535814953365,718.4464185046636,0.0,15,126.48,0.11859582542694497,12.920000000000002,0.10215053763440861,7.650320987654321,59.79794691358025,1054.7341929629629,2581.3231564619878,2276.3373700152742,3
134,2010,23W,2010-09-09,2010-10-01,895.2,895.2,902.6666666666666,902.6666666666666,15.0,22.0,0.33939393939393947,2.617621051017571,-1.938833172229692,0.0,1071.9535814953365,718.4464185046636,0.0,1085.229376049341,720.1039572839921,0.0,15,126.48,0.11859582542694497,13.428,0.10616698292220114,6.187688888888888,59.53320793650793,899.4722995238094,2118.060329977871,1867.8094871638789,4
135,2011,15E,2011-05-12,2011-06-09,598.8,598.8,665.4,665.4,20.0,28.0,2.3785714285714286,3.6812786815242204,1.075864175618636,0.0,757.6691616592591,439.9308383407409,0.0,817.9252696923918,512.8747303076082,0.0,20,132.26,0.15121729925903524,11.975999999999999,0.0905489187963103,9.818807407407409,64.47555679012343,896.3351140740741,2474.7261645674066,2182.334914114544,0
136,2011,15E,2011-06-09,2011-07-07,669.2631578947369,669.2631578947369,755.8947368421053,755.8947368421053,20.0,28.0,3.093984962406015,4.755451967825222,1.4325179569868078,0.0,816.6430822578031,521.8832335316706,0.0,906.6591051021227,605.1303685820881,0.0,19,132.26,0.15121729925903524,13.385263157894737,0.10120416723041538,10.29174074074074,66.11503209876544,1056.6265374074073,2610.135941837616,2301.7458973903076,1
137,2011,15E,2011-07-07,2011-08-04,755.8947368421053,755.8947368421053,811.8947368421053,811.8947368421053,20.0,28.0,2.0,3.9122783471726548,0.20915022425591623,0.0,931.0609899394607,564.3390100605395,0.0,958.9238765751103,660.8761234248898,0.0,19,132.26,0.15121729925903524,15.117894736842105,0.11430436062938233,7.567424691358025,63.045104938271606,885.5171033333332,1936.7526716774007,1707.923501162421,2
138,2011,15E,2011-08-04,2011-09-01,809.9,809.9,865.3,865.3,20.0,28.0,1.9785714285714284,3.082441196260165,0.8747016608826916,0.0,958.9238765751103,660.8761234248898,0.0,1011.2249626926184,719.3750373073815,0.0,20,132.26,0.15121729925903524,16.198,0.12247089066989264,6.894508641975307,59.692422222222234,639.2063262962962,1304.8127657110158,1150.6478962254287,3
139,2011,15E,2011-09-01,2011-09-27,865.3,865.3,866.3,866.3,20.0,26.0,0.03846153846153842,2.938702617799756,-2.8617795408766793,0.0,1011.2249626926184,719.3750373073815,0.0,1009.683879296472,722.9161207035279,0.0,20,132.26,0.15121729925903524,17.305999999999997,0.13084832904884316,6.6788240000000005,59.02180799999997,545.8779128000001,1042.9592734734779,919.732643186637,4
140,2011,23E,2011-05-12,2011-06-09,597.0666666666667,597.0666666666667,654.3333333333334,654.3333333333334,30.0,28.0,2.0452380952380955,3.627416952594089,0.4630592378820999,0.0,730.1599448202053,463.9733885131282,0.0,789.0521976909025,519.6144689757642,0.0,30,119.77,0.2504800868330968,17.912000000000003,0.14955331051181434,9.722562962962964,64.01599999999998,635.9475014814816,1063.0782750730941,937.4745656088476,0
141,2011,23E,2011-06-09,2011-07-07,654.3333333333334,654.3333333333334,743.7333333333333,743.7333333333333,30.0,28.0,3.192857142857143,5.365179197821732,1.0205350878925548,0.0,789.0521976909025,519.6144689757642,0.0,904.4889628266519,582.9777038400148,0.0,30,119.77,0.2504800868330968,19.63,0.163897470151123,9.553414814814813,65.62922222222223,843.9441755555556,1287.3050675788193,1135.2087492819328,1
142,2011,23E,2011-07-07,2011-08-04,743.7333333333333,743.7333333333333,808.8666666666667,808.8666666666667,30.0,28.0,2.3261904761904764,4.348684494696075,0.30369645768487935,0.0,904.4889628266519,582.9777038400148,0.0,993.3332041423721,624.4001291909613,0.0,30,119.77,0.2504800868330968,22.312,0.18629038991400185,7.421471604938273,62.98487654320985,689.0881937037038,924.7500555742716,815.4899568299807,2
143,2011,23E,2011-08-04,2011-09-01,808.8666666666667,808.8666666666667,865.6,865.6,30.0,28.0,2.026190476190476,3.5282826132371152,0.5240983391438367,0.0,993.3332041423721,624.4001291909613,0.0,1049.44446199681,681.7555380031899,0.0,30,119.77,0.2504800868330968,24.266,0.2026049929030642,6.75454074074074,59.74438148148148,496.3922688888888,612.5123840437465,540.1434632101474,3
144,2011,23E,2011-09-01,2011-09-27,865.6,865.6,878.8666666666667,878.8666666666667,30.0,26.0,0.5102564102564103,2.9057863220833235,-1.885273501570503,0.0,1049.44446199681,681.7555380031899,0.0,1084.0902789399204,673.643054393413,0.0,30,119.77,0.2504800868330968,25.968,0.21681556316272857,6.805173333333333,59.127612,427.7394348,493.2065629428143,434.9337383632042,4
145,2011,23W,2011-05-12,2011-06-09,598.8571428571429,598.8571428571429,673.2857142857143,673.2857142857143,15.0,28.0,2.6581632653061225,4.401418296193345,0.9149082344188999,0.0,743.3124669519669,454.40181876231884,0.0,832.4942650528218,514.0771635186069,0.0,14,126.48,0.11859582542694497,8.982857142857142,0.07102195716996475,9.989540740740741,64.31599999999999,807.4587103703707,2842.285479538452,2506.466746377107,0
146,2011,23W,2011-06-09,2011-07-07,673.2857142857143,673.2857142857143,781.2857142857143,781.2857142857143,15.0,28.0,3.857142857142857,5.186086442027234,2.528199272258481,0.0,832.4942650528218,514.0771635186069,0.0,944.9203246659321,617.6511039054965,0.0,14,126.48,0.11859582542694497,10.099285714285715,0.07984887503388452,9.831693827160493,66.01875432098765,1054.7168900000001,3302.2283956800343,2912.066969451037,1
147,2011,23W,2011-07-07,2011-08-04,781.2857142857143,781.2857142857143,852.0,852.0,15.0,28.0,2.525510204081633,3.7510444917291044,1.2999759164341609,0.0,944.9203246659321,617.6511039054965,0.0,1008.3900449320421,695.6099550679579,0.0,14,126.48,0.11859582542694497,11.719285714285716,0.09265722417999459,7.717296296296297,63.80676172839506,896.8557844444445,2419.8215314065133,2133.917315590219,2
148,2011,23W,2011-08-04,2011-09-01,852.0,852.0,909.1428571428571,909.1428571428571,15.0,28.0,2.0408163265306123,3.044900830872334,1.0367318221888908,0.0,1008.3900449320421,695.6099550679579,0.0,1067.6385325440463,750.647181741668,0.0,14,126.48,0.11859582542694497,12.78,0.1010436432637571,6.756029629629631,59.74918641975308,657.0732881481481,1625.7165392210052,1433.636583632132,3
149,2011,23W,2011-09-01,2011-09-27,909.1428571428571,909.1428571428571,927.4285714285714,927.4285714285714,15.0,26.0,0.7032967032967034,3.0213629884631534,-1.6147695818697465,0.0,1067.6385325440463,750.647181741668,0.0,1082.4568212469778,772.400321610165,0.0,14,126.48,0.11859582542694497,13.637142857142857,0.10782054757386825,6.842727999999999,59.517216000000005,612.4093895999999,1419.973751247266,1252.2025017724752,4
165,2014,15E,2014-05-15,2014-06-12,678.1,630.633,801.9,732.1347,20.0,28.0,3.625060714285714,6.4821256682495,0.7679957603219276,0.0,809.9848797724037,451.2811202275963,0.0,943.158233977636,521.1111660223637,0.0,20,132.26,0.15121729925903524,12.61266,0.09536261908362317,10.677259259259257,65.71366666666668,1073.960644074074,2815.4654685299734,2482.8155451820967,0
166,2014,15E,2014-06-12,2014-07-10,801.9,732.1347,898.2,820.0566000000001,20.0,28.0,3.1400678571428573,5.104998715145758,1.1751369991399545,0.0,943.158233977636,521.1111660223637,0.0,1054.558243380528,585.5549566194717,0.0,20,132.26,0.15121729925903524,14.642693999999999,0.11071143202782398,9.855037037037034,63.72872592592592,1399.0519333333334,3159.230956794335,2785.964813997497,1
167,2014,15E,2014-07-10,2014-08-07,898.2,820.0566000000001,929.2,845.5719999999999,20.0,28.0,0.9112642857142859,3.0947057179791955,-1.2721771465506235,0.0,1054.558243380528,585.5549566194717,0.0,1107.3129253923871,583.8310746076131,0.0,20,132.26,0.15121729925903524,16.401132000000004,0.124006744291547,8.614481481481484,62.61223209876542,1240.5123222222226,2500.8968853050983,2205.4135393019055,2
168,2014,15E,2014-08-07,2014-09-04,929.2,845.5719999999999,981.1,911.4419,20.0,28.0,2.3524964285714285,4.714295382380639,-0.009302525237781634,0.0,1107.3129253923871,583.8310746076131,0.0,1196.6002382483086,626.2835617516914,0.0,20,132.26,0.15121729925903524,16.91144,0.12786511416906093,8.583851851851852,62.37282469135803,1178.0329592592589,2303.2728021923263,2031.1389296008892,3
169,2014,15E,2014-09-04,2014-10-02,981.1,911.4419,969.3,901.449,20.0,28.0,-0.35688928571428563,2.3592580976388606,-3.0730366690674313,0.0,1196.6002382483086,626.2835617516914,0.0,1162.9754820464245,639.922517953575,0.0,20,132.26,0.15121729925903524,18.228838,0.13782578254952368,7.832355555555556,62.01486296296298,999.1800585185185,1812.3968535413403,1598.2604412339124,4
170,2014,23E,2014-05-15,2014-06-12,678.6206896551724,631.1172413793104,798.4137931034483,728.9517931034483,30.0,28.0,3.4940911330049254,6.121853237919464,1.0610134287472013,0.0,806.9223078974429,450.8096921025573,0.0,927.3764290440811,531.4758376225859,0.0,29,119.77,0.2504800868330968,18.93351724137931,0.15808230142255414,11.005133333333333,63.99060000000001,978.1040648148147,1546.827279228972,1364.0681647523936,0
171,2014,23E,2014-06-12,2014-07-10,798.9333333333333,729.4261333333333,863.6,788.4668,30.0,28.0,2.1085952380952384,3.8275312650442173,0.38965921114625957,0.0,927.3764290440811,531.4758376225859,0.0,987.2864284963351,589.6471715036649,0.0,30,119.77,0.2504800868330968,21.882783999999997,0.18270672121566334,8.924990123456789,63.77993209876544,1132.7299296296294,1549.929200870199,1366.8035914009743,1
172,2014,23E,2014-07-10,2014-08-07,863.6,788.4668,920.2,837.382,30.0,28.0,1.7469714285714282,3.6780990732610395,-0.18415621611818356,0.0,987.2864284963351,589.6471715036649,0.0,1040.168152975544,634.5958470244561,0.0,30,119.77,0.2504800868330968,23.654004,0.19749523252901396,8.986486419753085,63.29945061728393,966.8013507407406,1223.8287202688655,1079.2321927891912,2
173,2014,23E,2014-08-07,2014-09-04,920.2,837.382,987.2,917.1088,30.0,28.0,2.8473857142857146,4.517744528448308,1.177026900123121,0.0,1040.168152975544,634.5958470244561,0.0,1123.1082215575407,711.1093784424593,0.0,30,119.77,0.2504800868330968,25.12146,0.20974751607247225,9.367592592592594,63.84563209876545,931.8171181481482,1110.6414221208054,979.4180815879292,3
174,2014,23E,2014-09-04,2014-10-02,987.2,917.1088,953.9333333333333,887.158,30.0,28.0,-1.069671428571429,1.039121191390103,-3.178464048532961,0.0,1123.1082215575407,711.1093784424593,0.0,1092.6901621044024,681.6258378955977,0.0,30,119.77,0.2504800868330968,27.513264,0.2297174918593972,7.9170296296296305,61.21371728395064,763.4277011111111,830.8332279485068,732.6694917275673,4
175,2014,23W,2014-05-15,2014-06-12,683.0666666666667,635.2520000000001,817.8666666666667,746.7122666666667,15.0,28.0,3.980723809523809,6.297176015221737,1.664271603825882,0.0,818.2029139788984,452.3010860211016,0.0,963.5654312587474,529.8591020745862,0.0,15,126.48,0.11859582542694497,9.528780000000001,0.07533823529411765,11.104804938271608,65.53953333333335,1318.3616074074075,4374.809159852806,3857.9212960330938,0
176,2014,23W,2014-06-12,2014-07-10,817.8666666666667,746.7122666666667,886.4,809.2832,15.0,28.0,2.2346761904761903,4.230489059244918,0.23886332170746336,0.0,963.5654312587474,529.8591020745862,0.0,1040.4763104413428,578.0900895586575,0.0,15,126.48,0.11859582542694497,11.200684,0.08855695762175839,9.84746666666667,63.59447283950618,1545.2047814814814,4362.177809002061,3846.7823513010694,1
177,2014,23W,2014-07-10,2014-08-07,886.4,809.2832,923.6,840.476,15.0,28.0,1.114028571428572,3.30517101746093,-1.0771138746037858,0.0,1040.4763104413428,578.0900895586575,0.0,1087.2241642484903,593.7278357515095,0.0,15,126.48,0.11859582542694497,12.139248,0.09597760910815939,8.744654320987653,62.05507037037036,1566.0528851851855,4079.2141514495434,3597.2511190605287,2
178,2014,23W,2014-08-07,2014-09-04,923.6,840.476,996.9333333333333,926.1510666666667,15.0,28.0,3.059823809523809,4.62513454693818,1.494513072109437,0.0,1087.2241642484903,593.7278357515095,0.0,1182.675058465596,669.6270748677373,0.0,15,126.48,0.11859582542694497,12.60714,0.099676944971537,8.389896296296294,61.84080987654321,1464.4190888888886,3672.9132531776963,3238.9550584174913,3
179,2014,23W,2014-09-04,2014-10-02,996.9333333333333,926.1510666666667,975.4666666666667,907.184,15.0,28.0,-0.677395238095238,1.573352115725011,-2.9281425919154875,0.0,1182.675058465596,669.6270748677373,0.0,1174.7786554879492,639.5893445120507,0.0,15,126.48,0.11859582542694497,13.892266000000001,0.10983765022137888,7.60377777777778,60.6416913580247,1134.751625925926,2582.7929303813917,2277.633488747963,4
180,2015,15E,2015-05-15,2015-06-11,665.047619047619,618.4942857142858,761.5714285714286,695.3147142857143,21.0,27.0,2.8452010582010585,5.026499201133335,0.6639029152687832,0.0,760.5775557056137,476.4110157229578,0.0,841.0505480522543,549.5788805191744,0.0,21,132.26,0.158778164221987,12.988380000000001,0.09820338726750341,11.64308461538462,64.1983435897436,1101.4670757692309,2804.0455284115196,2472.744881851976,0
181,2015,15E,2015-06-11,2015-07-09,761.5714285714286,695.3147142857143,863.8095238095239,788.6580952380953,21.0,28.0,3.333692176870748,4.95761768459217,1.7097666691493256,0.0,841.0505480522543,549.5788805191744,0.0,943.2105700449204,634.1056204312702,0.0,21,132.26,0.158778164221987,14.601609000000002,0.11040079389082114,12.120106172839506,64.93711975308642,1233.7918333333332,2793.892575069409,2463.791509605339,1
182,2015,15E,2015-07-09,2015-08-06,863.8095238095239,788.6580952380953,946.952380952381,861.7266666666668,21.0,28.0,2.6095918367346944,4.506878965807617,0.7123047076617706,0.0,943.2105700449204,634.1056204312702,0.0,1038.023117226512,685.4302161068215,0.0,21,132.26,0.158778164221987,16.56182,0.12522168456071375,9.272044444444445,62.64560246913581,1201.3613851851853,2398.4691417457834,2115.0877310795886,2
183,2015,15E,2015-08-06,2015-09-03,946.952380952381,861.7266666666668,977.4285714285714,908.0311428571428,21.0,28.0,1.6537312925170067,3.665206156425108,-0.35774357139109414,0.0,1038.023117226512,685.4302161068215,0.0,1075.558757059868,740.5035286544176,0.0,21,132.26,0.158778164221987,18.09626,0.13682337819446547,8.531308641975308,62.042392592592606,1192.0537703703703,2178.088617056579,1920.7453750216996,3
184,2015,15E,2015-09-03,2015-10-02,977.4285714285714,908.0311428571428,1012.6666666666666,941.7800000000001,21.0,29.0,1.1637536945812805,3.1977962104959126,-0.8702888213333517,0.0,1075.558757059868,740.5035286544176,0.0,1102.5898817859152,780.970118214085,0.0,21,132.26,0.158778164221987,19.068653999999995,0.14417551791924993,6.916388095238095,61.54508809523809,1192.7656321428572,2068.252726532433,1823.886699445524,4
185,2015,23E,2015-05-15,2015-06-11,660.4137931034483,614.1848275862069,760.5172413793103,694.3522413793104,30.0,27.0,2.969163473818646,5.241475699180083,0.5306304736594223,0.0,760.4798033054838,473.3201966945163,0.0,841.8672369442138,547.7796297224529,0.0,29,119.77,0.2504800868330968,18.425544827586204,0.15384106894536365,11.843320512820513,65.50048589743591,935.3509884615382,1519.9955949242108,1340.4066694721612,0
186,2015,23E,2015-06-11,2015-07-09,760.5172413793103,694.3522413793104,832.3448275862069,759.9308275862069,30.0,28.0,2.3420923645320197,4.314485420716606,0.22660267452149044,0.0,841.8672369442138,547.7796297224529,0.0,913.241922221749,603.5554111115842,0.0,29,119.77,0.2504800868330968,20.830567241379313,0.17392140971344505,12.254651851851852,65.43753456790124,1005.331591851852,1445.0946457774348,1274.3553387173906,1
187,2015,23E,2015-07-09,2015-08-06,830.6666666666666,758.3986666666666,928.8666666666667,845.2686666666667,30.0,28.0,3.1024999999999996,4.4496664880207515,1.755333511979249,0.0,913.241922221749,603.5554111115842,0.0,1002.9984074303517,687.5389259029815,0.0,30,119.77,0.2504800868330968,22.751959999999997,0.18996376388077146,9.239254320987653,62.686598765432095,965.9338711111109,1271.2080601295204,1121.0136185752156,2
188,2015,23E,2015-08-06,2015-09-03,928.8666666666667,845.2686666666667,966.4,897.7855999999999,30.0,28.0,1.875604761904762,4.2454761467223125,-0.49426662291278817,0.0,1002.9984074303517,687.5389259029815,0.0,1073.7309574193046,721.8402425806952,0.0,30,119.77,0.2504800868330968,25.358060000000002,0.21172296902396262,8.472167901234567,62.144006172839504,928.7873014814814,1096.701158314526,967.124873211184,3
189,2015,23E,2015-09-03,2015-10-02,966.4,897.7855999999999,959.6,892.428,30.0,29.0,-0.18474482758620708,2.035201427596331,-2.404691082768745,0.0,1073.7309574193046,721.8402425806952,0.0,1066.0764326527558,718.7795673472444,0.0,30,119.77,0.2504800868330968,26.933567999999998,0.22487741504550388,6.863483333333334,61.541590476190486,879.2236657142856,977.4477191677686,861.9613413407005,4
190,2015,23W,2015-05-15,2015-06-11,664.9333333333333,618.388,786.6666666666666,718.2266666666667,15.0,27.0,3.6977283950617283,6.096852702774141,1.298604087349315,0.0,758.9341799450375,477.84182005496257,0.0,874.8967369946381,561.5565963386957,0.0,15,126.48,0.11859582542694497,9.275820000000001,0.07333823529411765,11.168346153846151,64.14168435897437,1613.2078269230772,5499.204543351175,4849.468295378228,0
191,2015,23W,2015-06-11,2015-07-09,786.6666666666666,718.2266666666667,855.7333333333333,781.2845333333333,15.0,28.0,2.2520666666666664,4.569147766777278,-0.0650144334439462,0.0,874.8967369946381,561.5565963386957,0.0,931.2180847890176,631.3509818776491,0.0,15,126.48,0.11859582542694497,10.7734,0.0851786843769766,11.42981728395062,64.32718271604938,1918.4365703703702,5630.623977120603,4965.360398033682,1
192,2015,23W,2015-07-09,2015-08-06,855.7333333333333,781.2845333333333,948.2666666666667,862.9226666666667,15.0,28.0,2.9156476190476193,5.495250437142951,0.3360448009522882,0.0,931.2180847890176,631.3509818776491,0.0,1023.0528229770879,702.7925103562451,0.0,15,126.48,0.11859582542694497,11.719268,0.09265708412397217,9.491916049382713,63.007627160493804,1741.5526962962963,4698.919442484709,4143.737640458731,2
193,2015,23W,2015-08-06,2015-09-03,948.2666666666667,862.9226666666667,988.4,918.2235999999999,15.0,28.0,1.975033333333333,3.8041743397302694,0.14589232693639698,0.0,1023.0528229770879,702.7925103562451,0.0,1077.2703845003027,759.1768154996973,0.0,15,126.48,0.11859582542694497,12.943840000000002,0.10233902593295384,8.6737975308642,61.60054567901237,1461.3352,3569.8385505383253,3148.058729945855,3
194,2015,23W,2015-09-03,2015-10-02,988.4,918.2235999999999,994.6666666666666,925.0400000000001,15.0,29.0,0.23504827586206864,2.8345048856322355,-2.364408333908098,0.0,1077.2703845003027,759.1768154996973,0.0,1097.8227446741798,752.2572553258199,0.0,15,126.48,0.11859582542694497,13.773354,0.10889748576850095,7.385633333333334,61.61459642857144,1340.9563035714284,3078.4831580549344,2714.7574444913475,4
195,2016,15E,2016-05-13,2016-06-09,644.7272727272727,599.5963636363635,781.7272727272727,713.717,22.0,27.0,4.226690235690236,7.463042321919136,0.9903381494613345,0.0,782.8650578405969,416.32766943213085,0.0,908.1541835140005,519.2798164859994,0.0,22,132.26,0.16633902918493876,13.19112,0.09973627703009225,11.672317948717945,65.99596666666667,1246.9750307692307,3125.6807149343354,2756.3785651282765,0
196,2016,15E,2016-06-09,2016-07-07,781.7272727272727,713.717,866.2727272727273,790.907,22.0,28.0,2.756785714285714,4.358967354658102,1.154604073913326,0.0,908.1541835140005,519.2798164859994,0.0,993.7043304283299,588.1096695716701,0.0,22,132.26,0.16633902918493876,15.701773999999999,0.11871899289278694,9.787869135802467,64.62426049382717,1244.1840592592594,2620.0189812569847,2310.461246300933,1
197,2016,15E,2016-07-07,2016-08-04,866.2727272727273,790.907,920.3636363636364,837.5309090909091,22.0,28.0,1.6651396103896103,3.528843430528663,-0.19856420974944264,0.0,993.7043304283299,588.1096695716701,0.0,1038.9395910379303,636.1222271438878,0.0,22,132.26,0.16633902918493876,17.399954,0.13155870255557237,7.760000000000001,62.86829135802469,1016.7824418518517,1932.1839264535681,1703.8945575328507,2
198,2016,15E,2016-08-04,2016-08-30,920.3636363636364,837.5309090909091,961.8181818181819,875.2545454545453,22.0,26.0,1.4509090909090907,3.432767722689782,-0.5309495408716005,0.0,1038.9395910379303,636.1222271438878,0.0,1104.4934921693416,646.0155987397495,0.0,22,132.26,0.16633902918493876,18.42568,0.13931407833056103,7.043709333333332,60.40338266666669,844.5516364000001,1515.5532852826057,1336.4892229405052,3
199,2016,15E,2016-08-30,2016-09-30,961.8181818181819,875.2545454545453,938.4545454545455,872.7627272727273,22.0,31.0,-0.08038123167155417,2.1937851106770125,-2.3545475740201205,0.0,1104.4934921693416,646.0155987397495,0.0,1093.933622512808,651.5918320326468,0.0,22,132.26,0.16633902918493876,19.255599999999998,0.14558899138061393,6.794035555555556,60.99048111111113,737.2437123333335,1265.9674769055066,1116.392215244279,4
200,2016,23E,2016-05-13,2016-06-09,640.1666666666666,595.355,774.9333333333333,707.5141333333333,30.0,27.0,4.154041975308642,6.4864854952506175,1.8215984553666664,0.0,752.0720135065551,438.63798649344477,0.0,881.5644999100507,533.4637667566162,0.0,30,119.77,0.2504800868330968,17.86065,0.14912457209651833,11.104933333333333,65.92078461538462,986.2650273076924,1653.424739870082,1458.0710340168039,0
201,2016,23E,2016-06-09,2016-07-07,774.9333333333333,707.5141333333333,841.2666666666667,768.0764666666668,30.0,28.0,2.1629404761904762,3.8270618137409502,0.4988191386400007,0.0,881.5644999100507,533.4637667566162,0.0,953.7747507856402,582.3781825476931,0.0,30,119.77,0.2504800868330968,21.225424,0.17721820155297655,9.47257037037037,64.5405,954.5161492592592,1346.5266841875748,1187.4332755531798,1
202,2016,23E,2016-07-07,2016-08-04,842.3448275862069,769.0608275862069,887.1724137931035,807.3268965517241,30.0,28.0,1.366645320197044,3.13414286292143,-0.40085222252734165,0.0,957.3278038601409,580.7938513122729,0.0,1000.5352902974231,614.1185028060248,0.0,29,119.77,0.2504800868330968,23.071824827586205,0.19263442287372637,7.711817283950617,63.437255555555566,782.4649899999997,1015.4791889309845,895.4993567735581,2
203,2016,23E,2016-08-04,2016-08-30,887.1724137931035,807.3268965517241,918.6206896551724,835.944827586207,30.0,26.0,1.1006896551724137,3.2741857512318058,-1.0458277265404474,0.0,998.5125623745703,611.6214376254295,0.0,1041.1066925167459,629.7746408165872,0.0,29,119.77,0.2504800868330968,24.219806896551724,0.2022193111509704,6.376128,61.37981466666668,689.0010636000001,851.7992911735494,751.1583946383836,3
204,2016,23E,2016-08-30,2016-09-30,918.0666666666667,835.4406666666667,913.3333333333334,849.4,30.0,31.0,0.4503010752688174,2.8663962043171636,-1.9657940537795286,0.0,1041.1066925167459,629.7746408165872,0.0,1038.2028745397768,660.5971254602229,0.0,30,119.77,0.2504800868330968,25.06322,0.20926125073056695,6.5165066666666664,61.54528111111112,619.5015376666666,740.1054130947326,652.6612545045524,4
205,2016,23W,2016-05-13,2016-06-09,646.9333333333333,601.6479999999999,787.7333333333333,719.2005333333333,15.0,27.0,4.353797530864198,6.5159839193609965,2.1916111423674,0.0,782.0526591416086,421.24334085839143,0.0,892.1684117322677,546.2326549343987,0.0,15,126.48,0.11859582542694497,9.024719999999999,0.07135294117647058,10.057015384615385,65.33436282051281,1500.7576807692308,5258.2194091255005,4636.955784000952,0
206,2016,23W,2016-06-09,2016-07-07,787.7333333333333,719.2005333333333,877.8666666666667,801.4922666666666,15.0,28.0,2.9389904761904755,4.203590437655144,1.6743905147258074,0.0,892.1684117322677,546.2326549343987,0.0,967.8734062001402,635.1111271331933,0.0,15,126.48,0.11859582542694497,10.788008,0.0852941808981657,8.583224691358026,63.96202345679012,1344.1706074074075,3939.8074793995543,3474.315477925304,1
207,2016,23W,2016-07-07,2016-08-04,877.8666666666667,801.4922666666666,933.8666666666667,849.8186666666667,15.0,28.0,1.7259428571428574,3.7108255480093613,-0.2589398337236466,0.0,967.8734062001402,635.1111271331933,0.0,1023.9828450731347,675.6544882601986,0.0,15,126.48,0.11859582542694497,12.022383999999999,0.09505363693864641,7.413567901234568,61.73875925925924,1047.1264907407406,2754.041098439562,2428.6485228484435,2
208,2016,23W,2016-08-04,2016-08-30,933.8666666666667,849.8186666666667,978.4,890.3439999999999,15.0,26.0,1.5586666666666666,3.096665366276004,0.020667967057329095,0.0,1023.9828450731347,675.6544882601986,0.0,1052.17172617818,728.5162738218199,0.0,15,126.48,0.11859582542694497,12.74728,0.10078494623655913,6.759759999999999,61.14800666666667,872.6696976,2164.682649013123,1908.9233348551456,3
209,2016,23W,2016-08-30,2016-09-30,978.4,890.3439999999999,943.8666666666667,877.796,15.0,31.0,-0.4047741935483871,1.8932197247983809,-2.702768111895155,0.0,1052.17172617818,728.5162738218199,0.0,1020.5964541409345,734.9955458590654,0.0,15,126.48,0.11859582542694497,13.355159999999998,0.10559108159392787,6.5643466666666646,61.38667333333333,791.7085733333332,1874.4683769269707,1652.9981550853427,4
210,2017,15E,2017-05-11,2017-06-08,657.8666666666667,611.816,727.6,664.2988,23.0,28.0,1.8743857142857148,6.004596341243142,-2.255824912671711,0.0,752.1341266775099,471.49787332249,0.0,796.5705035395597,532.0270964604404,0.0,15,132.26,0.17389989414789053,14.071768,0.10639473763798579,10.729511111111108,66.27037654320986,784.9370259259259,1844.3981425959223,1626.480747545134,0
211,2017,15E,2017-06-08,2017-07-06,727.6,664.2988,895.7333333333333,817.8045333333333,23.0,28.0,5.482347619047618,9.40035878649174,0.1741536358685094,0.0,824.9341761469888,434.40686733127245,0.0,969.7415725366412,625.5472970285763,0.0,15,132.26,0.17389989414789053,15.278872400000001,0.11552149100257071,10.61171111111111,65.84866543209876,883.4886433333335,1911.9573242732667,1686.0577476409198,1
212,2017,15E,2017-07-06,2017-08-03,873.6521739130435,797.6444347826088,895.4782608695652,814.8852173913044,23.0,28.0,0.6157422360248447,3.425115470670882,-2.1936309986211917,0.0,969.7415725366412,625.5472970285763,0.0,969.5822552611089,660.1881795214999,0.0,23,132.26,0.17389989414789053,18.345822000000002,0.13871028277634964,9.652148148148147,63.99779629629631,820.4220425925926,1478.661181729773,1303.9559565164404,2
213,2017,15E,2017-08-03,2017-08-31,895.4782608695652,814.8852173913044,973.2173913043479,885.6278260869565,23.0,28.0,2.526521739130435,4.2837897071599125,0.7692537711009573,0.0,969.5822552611089,660.1881795214999,0.0,1038.514377329988,732.7412748439249,0.0,23,132.26,0.17389989414789053,18.74236,0.1417084530470286,8.751960493827161,62.97301728395065,774.2345374074074,1365.8933549123976,1204.511755709116,3
214,2017,15E,2017-08-31,2017-09-29,973.2173913043479,885.6278260869565,988.0869565217391,917.9327826086956,23.0,29.0,1.1139640179910042,3.9488436407144927,-1.7209156047324847,0.0,1038.514377329988,732.7412748439249,0.0,1089.8293285972134,746.036236620178,0.0,23,132.26,0.17389989414789053,20.369439999999997,0.15401058521094813,7.285442857142854,62.47059285714283,801.0273521428571,1300.2797032517128,1146.6504194078157,4
215,2017,23E,2017-05-11,2017-06-08,639.8666666666667,595.0759999999999,729.6333333333333,666.1552333333333,30.0,28.0,2.5385440476190473,4.977538164860107,0.0995499303779881,0.0,731.5998077608341,458.5521922391655,0.0,807.8009482807887,524.5095183858774,0.0,30,119.77,0.2504800868330968,17.852279999999997,0.14905468815229186,10.734128395061727,66.1233950617284,661.2800292592593,1109.1231638813292,978.079207003706,0
216,2017,23E,2017-06-08,2017-07-06,729.6333333333333,666.1552333333333,869.2,793.5795999999999,30.0,28.0,4.550870238095239,6.978419372002223,2.1233211041882534,0.0,807.8009482807887,524.5095183858774,0.0,943.749721173977,643.4094788260232,0.0,30,119.77,0.2504800868330968,19.984657,0.16685862068965518,10.56256049382716,65.47145925925925,736.0906007407407,1102.8657040588503,972.5610720117272,1
217,2017,23E,2017-07-06,2017-08-03,869.2,793.5795999999999,896.8,816.088,30.0,28.0,0.8038714285714285,2.644493748656002,-1.0367508915131447,0.0,943.749721173977,643.4094788260232,0.0,988.793603239573,643.3823967604269,0.0,30,119.77,0.2504800868330968,23.807388,0.1987758871169742,9.858076543209878,63.90504938271607,702.2424955555556,883.2088561404646,778.8568896257797,2
218,2017,23E,2017-08-03,2017-08-31,896.8,816.088,967.8666666666667,880.7586666666666,30.0,28.0,2.3096666666666668,4.207000276653641,0.41233305667969233,0.0,988.793603239573,643.3823967604269,0.0,1066.326295561884,695.1910377714493,0.0,30,119.77,0.2504800868330968,24.482639999999996,0.20441379310344826,9.149404938271603,62.8598271604938,683.8711311111113,836.3808536699657,737.5616601927987,3
219,2017,23E,2017-08-31,2017-09-29,967.3103448275862,880.2524137931034,965.3793103448276,896.8373793103448,30.0,29.0,0.5718953626634956,3.3362489299145373,-1.995398355201894,0.0,1066.326295561884,695.1910377714493,0.0,1109.6311638767638,690.7708361232355,0.0,29,119.77,0.2504800868330968,26.4075724137931,0.22048570104193957,7.2733285714285705,62.44615952380953,686.3562764285715,778.2321860160181,686.2833129366952,4
220,2017,23W,2017-05-11,2017-06-08,636.4,591.8520000000001,720.6666666666666,657.9686666666668,15.0,28.0,2.3613095238095245,4.506296206473236,0.2163228411458138,0.0,740.7031412116146,443.0008587883856,0.0,808.4558840374455,507.481449295888,0.0,15,126.48,0.11859582542694497,8.877780000000001,0.07019117647058824,10.193291358024693,65.88487901234569,752.1097407407407,2678.790193294069,2362.2885837291037,0
221,2017,23W,2017-06-08,2017-07-06,720.6666666666666,657.9686666666668,842.1333333333333,768.8677333333333,15.0,28.0,3.9606809523809523,4.775654538853069,3.145707365908835,0.0,808.4558840374455,507.481449295888,0.0,911.7234986548631,626.0119680118031,0.0,15,126.48,0.11859582542694497,9.869530000000001,0.07803233712839976,10.618469135802467,65.85982345679011,860.1510051851853,2755.751771761731,2430.1570784903024,1
222,2017,23W,2017-07-06,2017-08-03,842.1333333333333,768.8677333333333,901.3333333333334,820.2133333333334,15.0,28.0,1.8337714285714284,2.878126764827891,0.7894160923149651,0.0,911.7234986548631,626.0119680118031,0.0,970.2628451619295,670.1638215047373,0.0,15,126.48,0.11859582542694497,11.533015999999998,0.09118450347881087,9.843444444444442,63.973646913580254,845.8665551851852,2319.1072027434593,2045.1024806642663,2
223,2017,23W,2017-08-03,2017-08-31,901.3333333333334,820.2133333333334,979.7333333333333,891.5573333333334,15.0,28.0,2.548,3.7970442060117136,1.2989557939882865,0.0,970.2628451619295,670.1638215047373,0.0,1037.611300619402,745.5033660472648,0.0,15,126.48,0.11859582542694497,12.3032,0.09727387729285263,9.271288888888884,62.95192962962962,865.8102988888888,2225.1870774161735,1962.2791074869035,3
224,2017,23W,2017-08-31,2017-09-29,979.7333333333333,891.5573333333334,1010.6666666666666,938.9093333333333,15.0,29.0,1.6328275862068962,3.7888804842596375,-0.5232253118458454,0.0,1037.611300619402,745.5033660472648,0.0,1114.3375400944713,763.4811265721954,0.0,15,126.48,0.11859582542694497,13.373360000000002,0.1057349778621126,7.881619047619047,62.136500000000005,984.0718757142859,2326.741575048134,2051.834844618867,4
225,2018,15E,2018-05-10,2018-06-07,639.9230769230769,595.1284615384616,741.3076923076923,676.8139230769231,26.0,28.0,2.917337912087912,6.083903292588914,-0.24922746841308951,0.0,753.3919055609083,436.86501751601475,0.0,840.597455572057,513.0303905817892,0.0,26,132.26,0.19658248903674583,15.47334,0.11699183426584002,11.803649382716046,65.93483086419754,945.5215055555554,2020.4861123192818,1781.76375614015,0
226,2018,15E,2018-06-07,2018-07-05,741.3076923076923,676.8139230769231,804.4615384615385,734.4733846153847,26.0,28.0,2.059266483516484,4.156333843000182,-0.0378008759672146,0.0,840.597455572057,513.0303905817892,0.0,894.8080546157792,574.1387146149902,0.0,26,132.26,0.19658248903674583,17.597161999999997,0.13304976561318613,8.937693827160494,63.8486975308642,862.1790314814816,1620.03109796541,1428.6228826692209,1
227,2018,15E,2018-07-05,2018-08-02,804.4615384615385,734.4733846153847,841.2307692307693,765.52,26.0,28.0,1.1088076923076922,3.034717889307381,-0.8171025046919966,0.0,894.8080546157792,574.1387146149902,0.0,927.3430295600722,603.6969704399278,0.0,26,132.26,0.19658248903674583,19.096308,0.14438460607893544,7.340750617283951,60.55575308641977,732.1052274074076,1267.6303369335021,1117.8586067781537,2
228,2018,15E,2018-08-02,2018-08-31,844.25,768.2674999999999,864.1666666666666,786.3916666666668,26.0,29.0,0.6249712643678164,1.9264028418453307,-0.6764603131096981,0.0,929.8552070563819,606.6797929436179,0.0,947.7032357010909,625.0800976322425,0.0,24,132.26,0.19658248903674583,19.974954999999998,0.1510279373960381,6.736150000000002,58.72499285714286,577.1575421428572,955.3820837620698,842.5027817483523,3
229,2018,15E,2018-08-31,2018-09-28,864.1666666666666,786.3916666666668,869.5833333333334,808.7125,26.0,28.0,0.7971726190476184,3.2172429341477176,-1.6870241178762706,0.0,947.1240586265773,617.3759413734231,0.0,992.0841280199206,616.9589489031562,0.0,24,132.26,0.19658248903674583,20.446183333333334,0.15459083119108827,6.568377777777778,57.632192592592574,506.9295503703703,819.7923940000029,722.9331428127883,4
230,2018,23E,2018-05-10,2018-06-07,644.0571428571428,598.9731428571429,757.3714285714286,691.4801142857143,35.0,28.0,3.303820408163266,5.506604116458085,1.1010366998684478,0.0,776.4501992358206,421.49608647846514,0.0,865.186791730928,517.7734368405008,0.0,35,119.77,0.29222676797194624,20.96406,0.1750359856391417,11.884434567901236,66.29903333333334,816.2708111111112,1165.861420053866,1028.113784236596,0
231,2018,23E,2018-06-07,2018-07-05,757.3714285714286,691.4801142857143,813.5428571428571,742.7646285714285,35.0,28.0,1.8315897959183673,3.1831935555368864,0.4799860362998487,0.0,865.186791730928,517.7734368405008,0.0,920.2824865834128,565.2467705594441,0.0,35,119.77,0.29222676797194624,24.201804000000003,0.20206899891458632,9.204064197530865,63.77670987654321,771.3768092592592,954.3482837579118,841.5911261980988,1
232,2018,23E,2018-07-05,2018-08-02,813.5428571428571,742.7646285714285,865.5428571428571,787.644,35.0,28.0,1.6028346938775515,3.2933056230768205,-0.08763623532171727,0.0,920.2824865834128,565.2467705594441,0.0,962.7454108990087,612.5425891009909,0.0,35,119.77,0.29222676797194624,25.996761999999997,0.21705570677131167,7.658153086419754,60.890208641975306,647.4301774074074,745.6958711635433,657.5911946345511,2
233,2018,23E,2018-08-02,2018-08-31,865.5428571428571,787.644,877.5714285714286,798.59,35.0,29.0,0.3774482758620685,1.7409648860793383,-0.9860683343552011,0.0,962.7454108990087,612.5425891009909,0.0,987.390403429903,609.789596570097,0.0,35,119.77,0.29222676797194624,27.56754,0.23017066043249562,6.835807142857143,58.64427976190478,481.6487789285715,523.1431082740336,461.3332523860871,3
234,2018,23E,2018-08-31,2018-09-28,877.5714285714286,798.59,869.7714285714286,808.8874285714286,35.0,28.0,0.3677653061224492,3.0121430456094718,-2.2766124333645736,0.0,987.390403429903,609.789596570097,0.0,1012.0375301782385,605.7373269646188,0.0,35,119.77,0.29222676797194624,27.95065,0.23336937463471655,6.7540444444444425,57.75254074074073,396.382742962963,424.63020649496593,374.45974366364754,4
235,2018,23W,2018-05-10,2018-06-07,641.875,596.94375,766.0,699.358,16.0,28.0,3.6576517857142856,5.484426685347126,1.8308768860814462,0.0,761.1066640366361,432.78083596336376,0.0,870.2388224980206,528.4771775019796,0.0,16,126.48,0.1265022137887413,9.5511,0.07551470588235294,11.641,65.26137407407408,1015.7784133333334,3362.849664394678,2965.525777600428,0
236,2018,23W,2018-06-07,2018-07-05,766.0,699.358,810.375,739.872375,16.0,28.0,1.4469419642857146,3.5760285968806365,-0.6821446683092078,0.0,870.2388224980206,528.4771775019796,0.0,919.3549160413224,560.3898339586776,0.0,16,126.48,0.1265022137887413,11.189727999999999,0.08847033523086653,8.99125679012346,63.32832716049381,944.6178059259261,2669.306619729969,2353.9255034029507,1
237,2018,23W,2018-07-05,2018-08-02,810.375,739.872375,907.875,826.16625,16.0,28.0,3.0819241071428567,4.560032489022948,1.6038157252627654,0.0,919.3549160413224,560.3898339586776,0.0,1018.3444831717097,633.9880168282903,0.0,16,126.48,0.1265022137887413,11.837958,0.09359549335863378,7.5188,60.54402469135803,740.3760681481482,1977.5953990413252,1743.9406214362248,2
238,2018,23W,2018-08-02,2018-08-31,907.875,826.16625,926.5,843.115,16.0,29.0,0.5844396551724139,2.339508355109318,-1.1706290447644898,0.0,1018.3444831717097,633.9880168282903,0.0,1030.4017548974032,655.8282451025966,0.0,16,126.48,0.1265022137887413,13.21866,0.1045118595825427,6.884557142857143,59.862694047619065,574.566992142857,1374.406202410618,1212.0188021774864,3
239,2018,23W,2018-08-31,2018-09-28,923.7333333333333,840.5973333333333,949.6,883.128,16.0,28.0,1.518952380952381,4.2219509635096255,-1.5864152492239114,0.0,1030.4017548974032,655.8282451025966,0.0,1064.2468849014076,695.7781150985924,0.0,15,126.48,0.1265022137887413,13.449557333333333,0.10633742357157916,6.500118518518519,59.77084444444444,533.70771,1254.7504257537896,1106.500469356475,4
240,2019,15E,2019-05-16,2019-06-13,650.5555555555555,605.0166666666667,774.0,706.6619999999999,22.0,28.0,3.630190476190476,6.5529555287085355,0.7074254236724169,0.0,781.1788668252304,428.85446650810286,0.0,887.4213523477456,525.9026476522542,0.0,18,132.26,0.16633902918493876,13.310366666666667,0.10063788497404104,12.088464197530865,65.97476790123459,705.422262962963,1752.3775046169806,1545.3324354790009,0
241,2019,15E,2019-06-13,2019-07-11,774.0,706.6619999999999,871.7777777777778,795.9331111111111,22.0,28.0,3.1882539682539686,5.41578332128334,0.9607246152245964,0.0,887.4213523477456,525.9026476522542,0.0,989.0701571410648,602.7960650811574,0.0,18,132.26,0.16633902918493876,15.546563999999998,0.11754547104188719,11.48365185185185,64.63596296296295,903.1826433333333,1920.921825672648,1693.9630846723883,1
242,2019,15E,2019-07-11,2019-08-08,871.7777777777778,795.9331111111111,939.7777777777778,855.1977777777778,22.0,28.0,2.116595238095238,3.8465176053587817,0.38667287083169466,0.0,989.0701571410648,602.7960650811574,0.0,1056.7692724945482,653.6262830610076,0.0,18,132.26,0.16633902918493876,17.510528444444443,0.1323947409983702,9.241945679012344,62.86367901234569,895.8532618518518,1691.6330193638125,1491.7649689423238,2
243,2019,15E,2019-08-08,2019-09-05,939.7777777777778,855.1977777777778,980.1111111111111,910.5232222222221,22.0,28.0,1.9759087301587297,3.992360447051701,-0.04054298673424195,0.0,1056.7692724945482,653.6262830610076,0.0,1131.1386034355057,689.9078410089389,0.0,18,132.26,0.16633902918493876,18.81435111111111,0.14225276811667256,8.007676543209875,61.94400617283953,782.7138388888887,1375.568731019217,1213.0439769251118,3
244,2019,15E,2019-09-05,2019-09-27,980.1111111111111,910.5232222222221,984.2777777777778,914.7288333333332,22.0,22.0,0.19116414141414179,4.594826895087714,-4.212498612259431,0.0,1131.1386034355057,689.9078410089389,0.0,1145.306688864184,684.1509778024825,0.0,18,132.26,0.16633902918493876,20.03151088888889,0.1514555488347867,6.8311206349206355,61.58846666666667,692.623618095238,1143.278710195652,1008.1992430301698,4
245,2019,19N,2019-05-16,2019-06-13,642.0,597.06,767.6818181818181,700.8935,26.0,28.0,3.7083392857142856,6.435470462208792,0.9812081092197786,0.0,779.3427113500973,414.7772886499029,0.0,906.7612823272916,495.0257176727084,0.0,22,126.36,0.205761316872428,15.523559999999998,0.12285185185185184,12.169841975308644,66.09180246913581,765.1861840740742,1557.1319694000606,1373.1553459773238,0
246,2019,19N,2019-06-13,2019-07-11,767.6818181818181,700.8935,863.0909090909091,788.0020000000001,26.0,28.0,3.1110178571428575,4.846955267766933,1.3750804465187816,0.0,906.7612823272916,495.0257176727084,0.0,987.9068458499336,588.0971541500663,0.0,22,126.36,0.205761316872428,18.223231000000002,0.14421676954732512,11.3298987654321,64.45068148148145,1001.4061177777777,1735.9391021603135,1530.836245909792,1
247,2019,19N,2019-07-11,2019-08-08,865.1428571428571,789.8754285714285,948.6666666666666,863.2866666666666,26.0,28.0,2.6218299319727896,4.96837697504316,-0.006506845173030129,0.0,987.9068458499335,588.0971541500663,0.0,1084.8316644941501,630.1046991422131,0.0,21,126.36,0.205761316872428,20.53676114285714,0.16252580834803057,9.421454320987655,62.84994197530864,1010.2118166666666,1553.9252302985208,1370.327486151075,2
248,2019,19N,2019-08-08,2019-09-05,942.2727272727273,857.4681818181817,1021.4545454545455,948.9312727272728,26.0,28.0,3.266538961038961,5.436091388710771,1.0969865333671502,0.0,1084.8316644941501,630.1046991422131,0.0,1182.1793594813585,715.6831859731867,0.0,22,126.36,0.205761316872428,22.294172727272723,0.17643378226711556,8.212990123456791,62.326302469135804,901.2097425925924,1276.9801381180325,1126.1037200586352,3
249,2019,19N,2019-09-05,2019-09-27,1021.4545454545455,948.9312727272728,997.0909090909091,927.2065454545456,26.0,22.0,-0.9874876033057857,2.8191879429691657,-4.794163149580737,0.0,1182.1793594813585,715.6831859731867,0.0,1116.088538429889,738.3245524792021,0.0,22,126.36,0.205761316872428,24.672213090909093,0.19525334829779276,6.947012698412699,61.60482539682539,788.7952314285715,1009.96377053869,890.6355903109128,4
250,2019,23E,2019-05-16,2019-06-13,651.1612903225806,605.58,763.0322580645161,696.6484516129032,34.0,28.0,3.2524447004608295,5.703924211516729,0.6346695384832692,0.0,754.3824774762352,462.1737725237647,0.0,813.592263598546,580.444611401454,0.0,31,119.77,0.28387743174417635,20.58972,0.1719104951156383,11.80433333333333,65.61258888888891,585.9788622222221,852.1569055863258,751.4737565681061,0
251,2019,23E,2019-06-13,2019-07-11,763.4375,697.0184375,872.0,796.136,34.0,28.0,3.5399129464285712,5.565935507160052,1.5138903856970898,0.0,813.592263598546,580.444611401454,0.0,928.3129487530916,663.9590512469083,0.0,32,119.77,0.28387743174417635,23.698626875000002,0.19786780391583872,11.757624691358023,64.80803950617285,718.3821488888889,907.6541694403783,800.413965905448,1
252,2019,23E,2019-07-11,2019-08-08,872.0,796.136,913.8125,831.569375,34.0,28.0,1.265477678571429,3.563233033437455,-1.0322776762945975,0.0,928.3129487530916,663.9590512469083,0.0,966.3669289989983,696.7718210010015,0.0,32,119.77,0.28387743174417635,27.068624,0.22600504299908158,9.413607407407406,62.8956086419753,710.183744814815,785.5839579846244,692.7664660537604,2
253,2019,23E,2019-08-08,2019-09-05,913.8125,831.569375,967.34375,898.66234375,34.0,28.0,2.396177455357143,4.660039770314965,0.1323151403993199,0.0,966.3669289989983,696.7718210010015,0.0,1052.453414411022,744.871273088978,0.0,32,119.77,0.28387743174417635,28.273358750000003,0.2360637784921099,8.112409876543209,62.00057777777778,620.0398859259259,656.6444563059574,579.0612891534815,3
254,2019,23E,2019-09-05,2019-09-27,968.8709677419355,900.081129032258,965.8709677419355,897.7275483870968,34.0,22.0,-0.10698093841642246,3.7820161163103814,-3.704257593583109,0.0,1052.453414411022,744.871273088978,0.0,1064.4177878109958,734.6175871890035,0.0,31,119.77,0.28387743174417635,30.602758387096774,0.255512719271076,7.091828571428572,61.47270793650792,522.2580371428571,510.99025386363286,450.6162692848055,4
255,2019,23W,2019-05-16,2019-06-13,651.75,606.1275,776.875,709.286875,17.0,28.0,3.6842633928571424,5.735132023738996,1.6333947619752909,0.0,755.8528788106746,456.4021211893255,0.0,826.1788679364283,592.3948820635719,0.0,16,126.48,0.13440860215053763,10.3041675,0.08146874999999999,11.97268888888889,66.80392345679014,775.7226174074074,2380.4299728650785,2099.1799071620876,0
256,2019,23W,2019-06-13,2019-07-11,776.875,709.286875,884.875,807.8908749999999,17.0,28.0,3.5215714285714284,5.163107105793168,1.8800357513496886,0.0,826.1788679364283,592.3948820635719,0.0,915.6830823688538,700.0986676311461,0.0,16,126.48,0.13440860215053763,12.057876875,0.09533425739247312,11.779649382716046,64.87955308641976,1128.697227037037,2959.841661089371,2610.1335532512335,1
257,2019,23W,2019-07-11,2019-08-08,882.2666666666667,805.5094666666666,909.0666666666667,827.2506666666667,17.0,28.0,0.7764714285714287,2.219183690240697,-0.6662408330978398,0.0,913.0925944389022,697.9263388944313,0.0,950.8802155617426,703.6211177715905,0.0,15,126.48,0.13440860215053763,13.693660933333334,0.10826740143369176,9.194782716049382,62.88678888888891,1117.8479133333333,2581.219966792031,2276.2463723029828,2
258,2019,23W,2019-08-08,2019-09-05,909.0666666666667,827.2506666666667,988.4,918.2235999999999,17.0,28.0,3.2490333333333337,6.9506876130577036,-0.7262143987719892,0.0,948.3394474787242,708.2070525212756,0.0,1076.8698167776377,757.6729332223622,0.0,15,126.48,0.13440860215053763,14.063261333333333,0.11118960573476702,7.741311111111111,61.76808765432098,907.9111533333335,2041.3579743664964,1800.1695878319083,3
259,2019,23W,2019-09-05,2019-09-27,987.375,917.271375,988.125,918.34025,17.0,22.0,0.0485852272727271,4.216249422318352,-4.119078967772898,0.0,1076.8698167776377,757.6729332223622,0.0,1027.6729531011306,809.0075468988692,0.0,16,126.48,0.13440860215053763,15.593613375,0.12328916330645161,6.64695873015873,61.788958730158726,791.9130219047618,1605.8041937075132,1416.0769006828866,4
260,2020,15E,2020-05-16,2020-06-11,644.3157894736842,599.2136842105263,735.8947368421053,671.8718947368421,23.0,26.0,2.794546558704454,5.87877549756521,-0.28968238015630066,0.0,772.1563117522999,426.27105666875264,0.0,842.2923258884347,501.4514635852494,0.0,19,132.26,0.17389989414789053,13.781914736842104,0.10420319625617802,8.788443199999998,65.47742053333334,457.07191,1096.5880280589306,967.0251094029035,0
261,2020,15E,2020-06-11,2020-07-09,738.8888888888889,674.6055555555555,801.7777777777778,732.0231111111111,23.0,28.0,2.0506269841269837,4.126787463939461,-0.02553349568549379,0.0,846.0654856438487,503.1456254672626,0.0,933.7784918962708,530.2677303259516,0.0,18,132.26,0.17389989414789053,15.515927777777776,0.11731383470268998,8.39117037037037,64.1962772839506,431.68974444444444,919.9463676609018,811.2538292131342,1
262,2020,15E,2020-07-09,2020-08-06,801.7777777777778,732.0231111111111,814.7777777777778,741.4477777777778,23.0,28.0,0.3365952380952384,2.2915933413987806,-1.510574544406299,0.0,936.2879744439421,516.2469729244789,0.0,934.331937054043,544.0827997880624,0.0,18,132.26,0.17389989414789053,16.836531555555556,0.12729874153603174,7.315681481481481,60.886692592592595,393.4065233333334,772.6048949627286,681.3208916743714,2
263,2020,15E,2020-08-06,2020-09-03,812.3157894736842,739.2073684210527,861.2631578947369,800.1134736842106,23.0,28.0,2.175218045112782,4.454527485014465,-0.10409139478890062,0.0,934.3319370540431,544.0827997880624,0.0,1027.3158835820116,572.9110637864094,0.0,19,132.26,0.17389989414789053,17.001769473684213,0.1285480831217618,6.97769135802469,60.83915185185189,385.8438781481481,750.3882375723052,661.7291534884549,3
264,2020,15E,2020-09-03,2020-10-02,861.2631578947369,800.1134736842106,875.578947368421,814.2884210526315,23.0,29.0,0.4887912885662427,2.523223206538157,-1.5456406294056715,0.0,1027.3158835820116,572.9110637864094,0.0,1041.2966696391438,587.280172466119,0.0,19,132.26,0.17389989414789053,18.402609894736845,0.13913964837998521,7.023873809523812,59.80505357142857,364.24368035714275,654.4570232102477,577.1323033588486,4
265,2020,19N,2020-05-16,2020-06-11,638.9473684210526,594.221052631579,758.0,692.054,26.0,26.0,3.7628056680161936,6.6435468318605935,0.8820645041717935,0.0,782.617737818643,405.824367444515,0.0,893.1296841987613,490.9783158012385,0.0,19,126.36,0.205761316872428,15.449747368421054,0.12226770630279403,8.790171200000001,65.71375653333337,366.50093279999993,749.38212198969,660.8419114190036,0
266,2020,19N,2020-06-11,2020-07-09,759.8888888888889,693.7785555555555,839.0,766.0070000000001,26.0,28.0,2.579587301587302,4.452556537120101,0.7770708647178268,0.0,900.2433382325779,476.5455038726851,0.0,968.1015064125689,564.0085988505889,0.0,18,126.36,0.205761316872428,18.038242444444442,0.14275278920896203,9.076915555555555,65.21241530864197,379.69419925925934,664.9505788350335,586.3860354044609,1
267,2020,19N,2020-07-09,2020-08-06,839.0526315789474,766.055052631579,899.8947368421053,818.9042105263158,26.0,28.0,1.8874699248120304,3.573927408614405,0.20013687709988148,0.0,969.7036467153264,551.9021532846733,0.0,1033.4633111793562,599.0766888206438,0.0,19,126.36,0.205761316872428,19.917431368421056,0.15762449642625084,7.7332444444444395,62.43936419753085,379.19630851851844,601.4235050957583,530.3647458582766,2
268,2020,19N,2020-08-06,2020-09-03,897.0,816.27,944.6,877.5334,26.0,28.0,2.1879785714285718,4.608896767791293,-0.23293962493414933,0.0,1033.4633111793562,599.0766888206438,0.0,1099.0076727118008,656.0591272881994,0.0,20,126.36,0.205761316872428,21.223019999999998,0.16795679012345677,7.104,61.01397407407408,384.50446000000005,572.3264592598039,504.7055436667101,3
269,2020,19N,2020-09-03,2020-10-02,944.6,877.5334,959.7,892.521,26.0,29.0,0.5168137931034479,2.8667618628719964,-1.8331342766651004,0.0,1099.0076727118008,656.0591272881994,0.0,1140.341483778077,644.7005162219236,0.0,20,126.36,0.205761316872428,22.8158684,0.18056242798353908,7.002050000000002,60.33808928571428,351.8070332142857,487.0988903161488,429.5476930673669,4
270,2020,23E,2020-05-16,2020-06-11,636.3448275862069,591.8006896551725,722.551724137931,659.6897241379311,34.0,26.0,2.611116710875332,5.337633677224142,-0.11540025547347721,0.0,737.065057161437,446.53632214890797,0.0,795.5388902098414,523.8405580660205,0.0,29,119.77,0.28387743174417635,20.121223448275867,0.16799885988374275,8.902980800000002,65.37864533333334,414.8106876,617.2819980550078,544.3495427888329,0
271,2020,23E,2020-06-11,2020-07-09,719.7333333333333,657.1165333333333,762.2666666666667,695.9494666666667,34.0,28.0,1.3868904761904761,2.6906588711351374,0.0831220812458151,0.0,797.1392839856765,517.09378268099,0.0,842.3734829692502,549.5254503640829,0.0,30,119.77,0.28387743174417635,22.341962133333332,0.1865405538393031,7.70737037037037,62.724469876543196,365.4838122222223,489.81817183982326,431.94568889227406,1
272,2020,23E,2020-07-09,2020-08-06,762.2666666666667,695.9494666666667,794.9333333333333,723.3893333333333,34.0,28.0,0.9799952380952381,3.0843409158098054,-1.1243504396193287,0.0,842.3734829692502,549.5254503640829,0.0,884.3578770669588,562.4207895997075,0.0,30,119.77,0.28387743174417635,23.662281866666667,0.19756434722106261,7.157466666666666,60.60454814814816,332.2568640740741,420.441325506847,370.76578294899184,2
273,2020,23E,2020-08-06,2020-09-03,794.9333333333333,723.3893333333333,795.6666666666666,739.1743333333333,34.0,28.0,0.5637500000000001,3.2085739610459134,-2.081073961045913,0.0,884.3578770669588,562.4207895997075,0.0,894.1861666940872,584.1624999725798,0.0,30,119.77,0.28387743174417635,24.595237333333333,0.20535390609779858,6.986701234567902,60.94599259259262,319.4666744444444,388.92208153603406,342.9705676363419,3
274,2020,23E,2020-09-03,2020-10-02,795.6666666666666,739.1743333333333,785.5333333333333,730.546,34.0,29.0,-0.2975287356321842,1.6069850260876142,-2.2020424973519828,0.0,894.1861666940872,584.1624999725798,0.0,899.0180534156007,562.0739465843997,0.0,30,119.77,0.28387743174417635,25.13192733333333,0.20983491135788035,7.015485714285712,60.143546428571426,289.1542928571429,344.5021266789832,303.7988727005996,4
275,2020,23W,2020-05-16,2020-06-11,631.1428571428571,586.9628571428572,726.1428571428571,662.9684285714286,17.0,26.0,2.9232912087912086,5.183250460301343,0.6633319572810757,0.0,737.7057281240361,436.21998616167826,0.0,808.5298697814649,517.4069873613923,0.0,14,126.48,0.13440860215053763,9.978368571428572,0.07889285714285714,8.7401472,65.53183920000001,452.05116519999996,1432.4844528746037,1263.2350521016072,0
276,2020,23W,2020-06-11,2020-07-09,723.3333333333334,660.4033333333333,817.8,746.6514000000001,17.0,28.0,3.080288095238095,5.489178310746415,0.6713978797297742,0.0,803.8012287751524,517.0054378915145,0.0,878.8720479316191,614.430752068381,0.0,15,126.48,0.13440860215053763,11.226856666666666,0.08876388888888888,8.663962469135802,65.07162592592591,445.20239,1253.8950117352526,1105.7461233179497,1
277,2020,23W,2020-07-09,2020-08-06,817.8,746.6514000000001,873.7333333333333,795.0973333333333,17.0,28.0,1.7302119047619047,2.6627459821178094,0.7976778274059997,0.0,878.8720479316191,614.430752068381,0.0,922.3761900221016,667.818476644565,0.0,15,126.48,0.13440860215053763,12.6930738,0.10035637096774194,7.174207407407407,61.279634567901226,410.5763103703705,1022.7958285337563,901.9515284472322,2
278,2020,23W,2020-08-06,2020-09-03,873.7333333333333,795.0973333333333,942.6666666666666,875.7373333333333,17.0,28.0,2.8800000000000003,4.340667005621734,1.419332994378266,0.0,922.3761900221016,667.818476644565,0.0,1018.3406705713818,733.1339960952849,0.0,15,126.48,0.13440860215053763,13.516654666666666,0.1068679211469534,7.321330864197529,61.013262962962955,400.4912951851852,936.8837975113041,826.1900856148036,3
279,2020,23W,2020-09-03,2020-10-02,942.6666666666666,875.7373333333333,953.7333333333333,886.972,17.0,29.0,0.38740229885057464,2.601166593585093,-1.8263619958839437,0.0,1018.3406705713818,733.1339960952849,0.0,1039.7555423448105,734.188457655189,0.0,15,126.48,0.13440860215053763,14.887534666666665,0.11770663082437274,7.094335714285715,60.92250357142855,385.35829357142876,818.4719307496208,721.7686935515435,4
280,2021,15E,2021-05-22,2021-06-17,645.0,599.85,778.25,710.54225,20.0,26.0,4.257394230769231,6.839017923606767,1.675770537931693,0.0,764.1839210266705,435.51607897332946,0.0,872.9828856876259,548.1016143123741,0.0,16,132.26,0.15121729925903524,11.997,0.0907076969605323,10.910405333333333,66.02966506666665,662.6551240000001,1826.34755981162,1610.5628582876027,0
281,2021,15E,2021-06-17,2021-07-15,778.25,710.54225,856.3125,781.8133124999999,20.0,28.0,2.5453950892857136,5.766175837927184,-0.6753856593557575,0.0,872.9828856876259,548.1016143123741,0.0,1006.846722693381,556.7799023066191,0.0,16,132.26,0.15121729925903524,14.210844999999999,0.10744628005443822,10.04448148148148,64.89975876543211,770.3382781481481,1792.3800567079943,1580.6086479876142,1
282,2021,15E,2021-07-15,2021-08-12,856.3125,781.8133124999999,893.875,813.42625,20.0,28.0,1.1290334821428571,4.217053218981539,-1.9589862546958234,0.0,1006.846722693381,556.7799023066191,0.0,1018.6183360681523,608.2341639318477,0.0,16,132.26,0.15121729925903524,15.636266249999998,0.11822369764101012,9.36500987654321,63.39420987654318,687.6267407407407,1454.0797540200872,1282.2788478739951,2
283,2021,15E,2021-08-12,2021-09-09,893.875,813.42625,950.875,883.362875,20.0,28.0,2.4977366071428566,4.6962751222386645,0.2991980920470487,0.0,1018.6183360681523,608.2341639318477,0.0,1122.61644994978,644.10930005022,0.0,16,132.26,0.15121729925903524,16.268525,0.12300412067140482,7.951822222222222,61.276096296296295,605.74694,1231.1517221813285,1085.6899750596144,3
284,2021,15E,2021-09-09,2021-10-01,950.875,883.362875,955.25,888.3824999999999,20.0,22.0,0.22816477272727329,4.216312723204624,-3.7599831777500774,0.0,1122.61644994978,644.10930005022,0.0,1102.9611321608002,673.8038678391998,0.0,16,132.26,0.15121729925903524,17.667257499999998,0.13357974822319674,7.5206222222222205,60.26806349206351,589.5483619047618,1103.3640386110267,973.000527862518,4
285,2021,19N,2021-05-22,2021-06-17,672.8,625.704,804.0,734.052,24.0,26.0,4.167230769230769,6.931210816603294,1.4032507218582433,0.0,772.7964632081182,478.6115367918819,0.0,878.8227048513542,589.2812951486458,0.0,20,126.36,0.1899335232668566,15.016896,0.11884216524216523,12.252269333333336,66.53857199999997,740.0043892,1556.6957815268884,1372.7706941162949,0
286,2021,19N,2021-06-17,2021-07-15,804.0,734.052,892.3,814.6699000000001,24.0,28.0,2.8792107142857146,4.52378096759975,1.2346404609716783,0.0,878.8227048513542,589.2812951486458,0.0,964.1561317719561,665.1836682280441,0.0,20,126.36,0.1899335232668566,17.617248,0.13942108262108263,12.228624691358023,65.14528271604934,1091.5097055555555,1957.2178128218436,1725.9706664129678,1
287,2021,19N,2021-07-15,2021-08-12,892.3,814.6699000000001,980.7,892.4370000000001,24.0,28.0,2.777396428571429,4.927051083007299,0.6277417741355582,0.0,964.1561317719561,665.1836682280441,0.0,1062.3241090769584,722.5498909230419,0.0,20,126.36,0.1899335232668566,19.5520776,0.15473312440645776,9.43216049382716,62.859543209876556,1104.0705814814814,1783.8303623037993,1573.0691081102611,2
288,2021,19N,2021-08-12,2021-09-09,980.7,892.4370000000001,1045.4,971.1766,24.0,28.0,2.8121285714285706,4.5839378306986625,1.0403193121584784,0.0,1062.3241090769584,722.5498909230419,0.0,1170.2870678893498,772.0661321106502,0.0,20,126.36,0.1899335232668566,21.418488000000004,0.16950370370370374,8.550718518518519,61.22627160493827,960.5494018518518,1416.708574596862,1249.32310884935,3
289,2021,19N,2021-09-09,2021-10-01,1045.4,971.1766,1034.6,962.1780000000001,24.0,22.0,-0.40902727272727163,3.6178031512005733,-4.435857696655116,0.0,1170.2870678893498,772.0661321106502,0.0,1188.2167608214227,736.1392391785777,0.0,20,126.36,0.1899335232668566,23.3082384,0.18445899335232668,7.076479365079365,61.51725555555553,891.0229938095238,1207.6166328572842,1064.9355789272065,4
290,2021,23E,2021-05-22,2021-06-17,661.0344827586207,614.7620689655172,808.8965517241379,738.5225517241379,30.0,26.0,4.760018567639257,8.37788056715598,1.142156568122532,0.0,798.1190876946661,431.40505023636854,0.0,928.2272148674181,548.8178885808577,0.0,29,119.77,0.2504800868330968,18.442862068965518,0.15398565641617698,11.008133333333333,65.98889466666665,518.3263787999999,841.5173056754055,742.0912355076921,0
291,2021,23E,2021-06-17,2021-07-15,810.7142857142857,740.1821428571428,886.0357142857143,808.950607142857,30.0,28.0,2.4560165816326536,5.01057272489325,-0.33088553277502175,0.0,928.2272148674181,548.8178885808577,0.0,1027.893261501198,580.1830833263878,0.0,28,119.77,0.2504800868330968,22.205464285714285,0.18540088741516478,10.550120987654322,63.43871604938272,654.8292092592593,882.990931689707,778.664713156182,1
292,2021,23E,2021-07-15,2021-08-12,880.6551724137931,804.0381724137931,948.3103448275862,862.9624137931035,30.0,28.0,2.104437192118226,5.252682733000741,-1.0438083487642893,0.0,1027.893261501198,580.1830833263878,0.0,1124.679689724001,601.2451378622056,0.0,29,119.77,0.2504800868330968,24.12114517241379,0.2013955512433313,9.414483950617281,63.00853827160494,648.0205037037036,804.4126343694013,709.3705164127,2
293,2021,23E,2021-08-12,2021-09-09,948.3103448275862,862.9624137931035,969.9310344827586,901.0659310344828,30.0,28.0,1.3608399014778327,2.8548148637877597,-0.13313506083209425,0.0,1124.679689724001,601.2451378622056,0.0,1171.630517249702,630.5013448192635,0.0,29,119.77,0.2504800868330968,25.888872413793102,0.21615490034059534,8.214753086419751,62.35012345679012,584.9660244444445,676.558828324865,596.6227591745999,3
294,2021,23E,2021-09-09,2021-10-01,969.9310344827586,901.0659310344828,960.6896551724138,893.4413793103448,30.0,22.0,-0.3465705329153603,3.2429138203196035,-3.9360548861503246,0.0,1171.630517249702,630.5013448192635,0.0,1201.784712179929,585.0980464407608,0.0,29,119.77,0.2504800868330968,27.031977931034483,0.22569907264786243,7.055409523809526,61.748334920634925,531.8057609523809,589.0650709297648,519.4664724450853,4
295,2021,23W,2021-05-22,2021-06-17,660.0,613.8,782.0,713.966,15.0,26.0,3.8525384615384612,7.019048200691143,0.6860287223857804,0.0,746.0824886370075,481.5175113629926,0.0,869.4182546397171,558.5137453602831,0.0,15,126.48,0.11859582542694497,9.206999999999999,0.07279411764705881,12.304399999999998,65.60818400000001,746.3397148000003,2563.1868993131325,2260.3439289008606,0
296,2021,23W,2021-06-17,2021-07-15,782.0,713.966,866.4,791.0232,15.0,28.0,2.7520428571428566,4.909443401827149,0.5946423124585642,0.0,869.4182546397171,558.5137453602831,0.0,970.0600822995499,611.9863177004503,0.0,15,126.48,0.11859582542694497,10.70949,0.0846733870967742,10.21080740740741,63.28808641975309,920.1219759259259,2716.6799613032717,2395.70163960498,1
297,2021,23W,2021-07-15,2021-08-12,866.4,791.0232,947.0666666666667,861.8306666666667,15.0,28.0,2.5288380952380956,5.908120549780801,-0.85044435930461,0.0,970.0600822995499,611.9863177004503,0.0,1086.676495980888,636.9848373524451,0.0,15,126.48,0.11859582542694497,11.865348,0.09381204933586337,8.955562962962963,62.49209506172838,872.2318696296296,2324.413217184097,2049.7815844513407,2
298,2021,23W,2021-08-12,2021-09-09,947.0666666666667,861.8306666666667,996.9333333333333,926.1510666666667,15.0,28.0,2.2971571428571425,4.8970879827648535,-0.30277369705056856,0.0,1086.676495980888,636.9848373524451,0.0,1180.0489445701376,672.2531887631962,0.0,15,126.48,0.11859582542694497,12.927460000000002,0.10220951929158761,7.807293827160494,62.35133209876545,789.773595925926,1931.7515662920462,1703.5132811357003,3
299,2021,23W,2021-09-09,2021-10-01,996.9333333333333,926.1510666666667,985.3333333333334,916.36,15.0,22.0,-0.44504848484848514,2.915185386882362,-3.8052823565793323,0.0,1180.0489445701376,672.2531887631962,0.0,1168.208788306453,664.511211693547,0.0,15,126.48,0.11859582542694497,13.892266000000001,0.10983765022137888,7.012593650793651,61.52069523809525,780.851831904762,1777.2863638537135,1567.2982893021006,4
300,2022,15E,2022-05-23,2022-06-16,689.7333333333333,641.452,737.3333333333334,673.1853333333333,23.0,24.0,1.3222222222222224,5.413125195879866,-2.7686807514354217,0.0,845.0468217416151,437.857178258385,0.0,896.7949914904505,449.57567517621595,0.0,15,132.26,0.17389989414789053,14.753396,0.11154843490095268,9.291817391304347,64.2534608695652,424.1114517391304,950.509642102357,838.206023705696,0
301,2022,15E,2022-06-16,2022-07-14,735.4285714285714,671.4462857142856,795.4285714285714,726.2262857142857,23.0,28.0,1.956428571428572,4.539415885352753,-0.6265587424956085,0.0,902.5476632992544,440.34490812931665,0.0,991.4379905606528,461.0145808679189,0.0,14,132.26,0.17389989414789053,15.44326457142857,0.11676443801170854,8.767118518518517,61.92673333333332,359.0333322222222,768.7129282166807,677.8887645016433,1
302,2022,15E,2022-07-14,2022-07-30,795.4285714285714,726.2262857142857,791.7142857142857,720.46,23.0,16.0,-0.36039285714285846,3.9276872639205656,-4.502578173011477,0.0,980.8424280508165,467.78423861585026,0.0,947.8191462830586,494.34885371694133,0.0,14,132.26,0.17389989414789053,16.70320457142857,0.12629067421312998,8.773506666666664,60.20096666666665,309.408384,612.4925413689649,540.1259649662669,2
303,2022,19N,2022-05-23,2022-06-16,672.2105263157895,625.1557894736842,782.421052631579,714.3504210526315,27.0,24.0,3.7164429824561402,6.736396084157658,0.696489880754624,0.0,786.632230577577,463.6793483697914,0.0,892.2573578547577,536.443484250505,0.0,19,126.36,0.21367521367521367,16.879206315789475,0.1335802968960864,9.52742608695652,65.48257246376812,546.5494708695652,1022.885641762595,902.030730157648,0
304,2022,19N,2022-06-16,2022-07-14,781.3333333333334,713.3573333333334,848.8888888888889,775.0355555555556,27.0,28.0,2.2027936507936507,3.7820379447523447,0.796691378555926,0.0,892.2573578547579,536.443484250505,0.0,957.652485496886,599.2527776610088,0.0,18,126.36,0.21367521367521367,19.260648000000003,0.15242678062678067,8.602599999999999,62.1615037037037,453.4451851851852,743.7098377998497,655.839813002013,1
305,2022,19N,2022-07-14,2022-07-30,852.6315789473684,778.4526315789474,842.7368421052631,766.8905263157894,27.0,16.0,-0.7226315789473675,2.595098842293384,-4.040362000188119,0.0,957.6524854968859,599.2527776610088,0.0,947.3755366279161,586.405516003663,0.0,19,126.36,0.21367521367521367,21.01822105263158,0.16633603238866398,8.325320000000001,62.20330444444442,421.3251013333333,633.2438848079184,558.4255174379749,2
306,2022,23E,2022-05-23,2022-06-16,692.7272727272727,644.2363636363636,758.7878787878788,692.7733333333333,34.0,24.0,2.0223737373737367,5.793427799403969,-1.7486803246564966,0.0,842.5660122073043,445.9067150654236,0.0,902.3960529005357,483.15061376613073,0.0,33,119.77,0.28387743174417635,21.90403636363636,0.18288416434529817,9.431426086956522,65.0326347826087,421.1015760869567,575.6397466046968,507.62736296000463,0
307,2022,23W,2022-05-23,2022-06-16,688.8235294117648,640.6058823529411,778.1176470588235,710.4214117647059,17.0,24.0,2.908980392156863,6.919666370859387,-1.1017055865456609,0.0,861.4133534541646,419.79841125171754,0.0,993.424340972941,427.4184825564712,0.0,17,126.48,0.13440860215053763,10.890299999999998,0.08610294117647058,9.010678260869563,64.57175652173912,518.7327147826088,1506.1411018453207,1328.1890979297737,0
308,2022,23W,2022-06-16,2022-07-14,778.1176470588235,710.4214117647059,848.7058823529412,774.8684705882353,17.0,28.0,2.3016806722689074,5.2637199145163915,-0.6603585699785754,0.0,993.424340972941,427.4184825564712,0.0,1067.2747844502694,482.4621567262013,0.0,17,126.48,0.13440860215053763,12.077164,0.09548674889310563,8.712496296296296,61.58034444444444,435.15255555555564,1139.3008993391718,1004.6914143103171,1
309,2022,23W,2022-07-14,2022-07-30,848.7058823529412,774.8684705882353,837.0588235294117,761.7235294117646,17.0,16.0,-0.8215588235294113,4.070054454823516,-5.713172101882338,0.0,1067.2747844502694,482.4621567262013,0.0,1026.8507908464996,496.5962679770296,0.0,17,126.48,0.13440860215053763,13.172763999999999,0.10414898798228968,8.49556,60.762713333333295,387.0538386666666,929.0868931258465,819.3143928993749,2
310,2023,15E,2023-05-19,2023-06-15,615.1764705882352,604.2235294117646,758.5882352941177,692.5910588235295,17.0,27.0,3.272871459694989,7.683775721238483,-1.138032801848504,0.0,776.1947283256593,432.2523304978699,0.0,917.0200181659668,468.16209948109207,0.0,17,132.26,0.12853470437017997,10.271799999999999,0.07766369272644791,10.577746153846155,66.85268076923077,598.2049834615384,1925.6262561728001,1698.1116822338083,0
311,2023,15E,2023-06-15,2023-07-13,758.5882352941177,692.5910588235295,830.4705882352941,758.2196470588235,17.0,28.0,2.3438781512605043,4.593208026933109,0.09454827558789924,0.0,917.0200181659668,468.16209948109207,0.0,1003.8266293619715,512.6126647556756,0.0,17,132.26,0.12853470437017997,11.774048,0.08902198699531227,9.933837037037039,65.93949382716052,1010.6450914814815,2838.189546181159,2502.854751442277,1
312,2023,15E,2023-07-13,2023-08-10,830.4705882352941,758.2196470588235,878.4705882352941,799.4082352941177,17.0,28.0,1.4710210084033615,3.476556591337446,-0.5345145745307223,0.0,1003.8266293619715,512.6126647556756,0.0,1041.267819508741,557.5486510794941,0.0,17,132.26,0.12853470437017997,12.889733999999999,0.09745753818236806,9.172743209876545,64.36904938271603,1326.936625925926,3403.884016244303,3001.711881744662,2
313,2023,15E,2023-08-10,2023-09-07,878.4705882352941,799.4082352941177,946.4705882352941,879.2711764705882,17.0,28.0,2.852247899159663,4.510669805690997,1.1938259926283297,0.0,1041.267819508741,557.5486510794941,0.0,1150.281164566534,608.2611883746424,0.0,17,132.26,0.12853470437017997,13.589940000000002,0.10275170119461668,8.684750617283951,64.9776074074074,1321.1217148148148,3214.3548463313186,2834.575763548508,3
314,2023,15E,2023-09-07,2023-09-29,946.4705882352941,879.2711764705882,955.5882352941177,888.6970588235295,17.0,22.0,0.4284491978609623,3.489493516301641,-2.6325951205797162,0.0,1150.281164566534,608.2611883746424,0.0,1161.507951863066,615.886165783993,0.0,17,132.26,0.12853470437017997,14.94761,0.11301686072886738,7.291695238095239,63.136371428571444,1128.0923714285716,2495.4072431168406,2200.5725035602695,4
315,2023,19N,2023-05-19,2023-06-15,631.3,615.088,762.25,695.93425,21.0,27.0,2.994305555555556,7.385462519570689,-1.3968514084595776,0.0,792.39677552421,437.7792244757899,0.0,905.3084562198623,486.5600437801378,0.0,20,126.36,0.16619183285849953,12.916848,0.10222260208926875,10.974215384615384,67.42494615384618,840.0803684615386,2054.5367445447996,1811.7912737772015,0
316,2023,19N,2023-06-15,2023-07-13,762.25,695.93425,852.75,778.56075,21.0,28.0,2.950946428571429,5.41515140841107,0.4867414487317885,0.0,905.3084562198623,486.5600437801378,0.0,994.8201396270903,562.3013603729098,0.0,20,126.36,0.16619183285849953,14.614619249999999,0.11565858855650521,9.995614814814816,65.26801851851855,1456.707311111111,3148.722739253026,2776.6981523547456,1
317,2023,19N,2023-07-13,2023-08-10,852.75,778.56075,916.75,834.2425,21.0,28.0,1.9886339285714278,4.178988938349696,-0.2017210812068413,0.0,994.8201396270903,562.3013603729098,0.0,1086.4854107214126,581.9995892785873,0.0,20,126.36,0.16619183285849953,16.34977575,0.12939043803418804,9.042550617283952,63.63998271604936,1834.5362555555553,3544.574628982296,3125.77976475424,2
318,2023,19N,2023-08-10,2023-09-07,916.75,834.2425,991.1,920.7319,21.0,28.0,3.088907142857143,4.970203936031053,1.2076103496832324,0.0,1086.4854107214126,581.9995892785873,0.0,1191.4885517705716,649.9752482294286,0.0,20,126.36,0.16619183285849953,17.5190925,0.13864429012345678,7.838632098765429,63.36459753086421,1627.540166666667,2934.74070446286,2587.9982985276934,3
319,2023,19N,2023-09-07,2023-09-29,991.1,920.7319,1000.85,930.7905000000001,21.0,22.0,0.4572090909090907,4.2500335384730885,-3.3356153566549067,0.0,1191.4885517705716,649.9752482294286,0.0,1179.2254905704442,682.3555094295552,0.0,20,126.36,0.16619183285849953,19.3353699,0.1530181220322887,6.869422222222221,62.80598730158731,1333.0512095238093,2177.9302866534317,1920.6057515062976,4
320,2023,23E,2023-05-19,2023-06-15,630.1538461538462,607.0969230769231,750.6153846153846,685.3118461538462,26.0,27.0,2.896849002849003,6.549898572921314,-0.7562005672233091,0.0,775.5653762644104,438.62846988943573,0.0,884.9382791461192,485.6854131615732,0.0,26,119.77,0.2170827419220172,15.78452,0.13179026467395843,10.644992307692307,67.10388076923077,566.9451153846153,1075.4685044210303,948.4008775729894,0
321,2023,23E,2023-06-15,2023-07-13,750.6153846153846,685.3118461538462,848.5384615384615,774.7156153846154,26.0,28.0,3.1929917582417584,5.855161717315909,0.5308217991676085,0.0,884.9382791461192,485.6854131615732,0.0,978.4239129948389,571.0073177743918,0.0,26,119.77,0.2170827419220172,17.818108000000002,0.14876937463471657,9.601725925925926,65.33850370370371,815.922671851852,1371.1200202582718,1209.1208855724553,1
322,2023,23E,2023-07-13,2023-08-10,845.12,771.59456,899.68,818.7088,26.0,28.0,1.6826514285714282,4.251881267494509,-1.1037109378241792,0.0,978.4239129948389,571.0073177743918,0.0,1049.934839319419,587.6451606805812,0.0,25,119.77,0.2170827419220172,20.061458560000002,0.16749986273691245,8.417116049382717,63.489840740740746,966.727117777778,1442.8774776015644,1272.4001310706037,2
323,2023,23E,2023-08-10,2023-09-07,899.7692307692307,818.7900000000001,973.9230769230769,904.7745384615384,26.0,28.0,3.070876373626374,5.25391747301972,0.8878352742330287,0.0,1049.934839319419,587.6451606805812,0.0,1155.445843644733,654.1032332783442,0.0,26,119.77,0.2170827419220172,21.288540000000005,0.1777451782583285,7.774251851851852,63.728446913580235,923.3273274074073,1298.6671937528965,1145.2284294402014,3
324,2023,23E,2023-09-07,2023-09-29,969.84,900.98136,973.0,904.89,26.0,22.0,0.1776654545454539,3.739113412980239,-3.699351175218003,0.0,1155.445843644733,654.1032332783443,0.0,1142.4045140939797,668.0193320598668,0.0,25,119.77,0.2170827419220172,23.42551536,0.19558750404942807,7.11562857142857,63.80533968253967,796.9018047619046,1018.6001000356788,898.2515292624332,4
325,2023,23W,2023-05-19,2023-06-15,630.1538461538462,605.9553846153847,749.5384615384615,684.3286153846154,13.0,27.0,2.902712250712251,6.214324594750876,-0.40890009332637245,0.0,752.926200399702,458.9845688310674,0.0,853.839360997711,514.8178697715196,0.0,13,126.48,0.10278304870335231,7.877420000000001,0.06228194180898166,10.42243076923077,67.00475769230769,795.6046153846152,3193.560574205962,2816.238354455532,0
326,2023,23W,2023-06-15,2023-07-13,749.5384615384615,684.3286153846154,836.0,763.268,13.0,28.0,2.8192637362637365,4.632092755769959,1.0064347167575143,0.0,853.839360997711,514.8178697715196,0.0,940.8459132381051,585.6900867618949,0.0,13,126.48,0.10278304870335231,8.896272,0.07033738140417457,9.112822222222224,65.27718148148149,1354.6589148148148,4814.86120101144,4245.980769924714,1
327,2023,23W,2023-07-13,2023-08-10,836.0,763.268,894.9230769230769,814.38,13.0,28.0,1.8254285714285705,3.6745144425209535,-0.023657299663812248,0.0,940.8459132381051,585.6900867618949,0.0,1011.3896246379855,617.3703753620142,0.0,13,126.48,0.10278304870335231,9.922484,0.07845101201771032,8.368819753086418,64.15151604938269,1717.319796296296,5472.586497381994,4825.995196860999,2
328,2023,23W,2023-08-10,2023-09-07,894.9230769230769,814.38,947.5384615384615,880.2632307692309,13.0,28.0,2.3529725274725277,4.303835693062462,0.4021093618825946,0.0,1011.3896246379855,617.3703753620142,0.0,1091.9181451918137,668.6083163466483,0.0,13,126.48,0.10278304870335231,10.58694,0.08370445920303606,7.859437037037036,64.33971851851855,1725.0695370370368,5152.26295427301,4543.518185081473,3
329,2023,23W,2023-09-07,2023-09-29,947.5384615384615,880.2632307692309,970.5384615384615,902.6007692307692,13.0,22.0,1.0153426573426574,3.158855958095006,-1.1281706434096908,0.0,1091.9181451918137,668.6083163466483,0.0,1138.4991200499956,666.7024184115429,0.0,13,126.48,0.10278304870335231,11.443422000000002,0.09047613851992412,7.083238095238096,62.02587936507937,1525.005038095238,4213.83213033404,3715.9638556830573,4
330,2024,15E,2024-05-17,2024-06-13,665.5,618.915,750.0714285714286,684.8152142857143,30.0,27.0,2.4407486772486777,7.233689689369422,-2.088371170850903,0.0,849.6402352459214,407.59576475407846,0.0,945.1334325132104,451.02616748678975,0.0,28,132.26,0.22682594888855287,18.56745,0.1403859821563587,9.033544615384617,65.10778128205128,575.244033076923,1024.3972087544846,903.3637040715519,0
331,2024,15E,2024-06-13,2024-07-11,758.3448275862069,692.3688275862069,787.0,718.5310000000001,30.0,28.0,0.9343633004926106,5.341362196940745,-3.934907435035983,0.0,945.1334325132104,451.0261674867898,0.0,927.7999612093411,507.7403721239926,0.0,29,132.26,0.22682594888855287,20.771064827586205,0.15704721629809623,7.826666666666667,62.795214814814805,446.86153407407403,711.3490207076835,627.3024572328529,1
332,2024,15E,2024-07-11,2024-08-08,786.1666666666666,717.7701666666667,837.9666666666667,762.5496666666667,30.0,28.0,1.5992678571428576,3.4525264971606684,-0.2539907828749528,0.0,927.7999612093411,507.7403721239926,0.0,981.2982675504682,543.8010657828652,0.0,30,132.26,0.22682594888855287,21.533105000000003,0.16280889913806143,7.805325925925926,61.28662592592595,375.1044681481481,575.9888896338226,507.93525440811345,2
333,2024,15E,2024-08-08,2024-09-07,837.9666666666667,762.5496666666667,853.2666666666667,792.6847333333334,30.0,30.0,1.0045022222222222,3.6597633968472847,-1.6507589524028405,0.0,981.2982675504682,543.8010657828652,0.0,995.1425660340952,590.2269006325715,0.0,30,132.26,0.22682594888855287,22.87649,0.17296605171631635,8.374220689655173,64.14825586206898,523.1532831034483,756.1502357142865,666.8103660688,3
334,2024,23E,2024-05-17,2024-06-13,670.4666666666667,623.534,759.8222222222222,693.7176888888888,45.0,27.0,2.5993958847736627,5.7266284148741775,-0.5278366453268517,0.0,789.2681981443343,457.7998018556659,0.0,878.1845269416943,509.25085083608326,0.0,45,119.77,0.3757201302496452,28.05903,0.23427427569508225,8.695115384615384,64.32010948717947,524.7415315384616,559.9649491835743,493.8045577650032,0
335,2024,23E,2024-06-13,2024-07-11,759.1818181818181,693.1329999999999,763.4090909090909,696.9925,45.0,28.0,0.1378392857142857,1.963389294042779,-1.6877107226142078,0.0,879.3524670629504,506.91353293704947,0.0,887.0952331669857,506.88976683301456,0.0,44,119.77,0.3757201302496452,31.190984999999994,0.26042402104032725,7.253466666666666,61.08893333333334,393.8830762962963,378.1170749176999,333.44218282833975,1
336,2024,23E,2024-07-11,2024-08-08,764.6428571428571,698.1189285714286,795.3809523809524,723.7966666666666,45.0,28.0,0.9170620748299317,2.5274941186226707,-0.7676726900512424,0.0,887.0952331669856,506.88976683301456,0.0,904.085065968787,539.174934031213,0.0,42,119.77,0.3757201302496452,31.415351785714286,0.26229733477259987,6.762859259259257,59.37498271604937,338.2920670370371,322.4318570853201,284.3362264540032,2
337,2024,23E,2024-08-08,2024-09-07,797.6744186046511,725.8837209302326,820.3255813953489,762.0824651162791,45.0,30.0,1.2066248062015508,3.1874064302357885,-0.7574751985389739,0.0,901.9538682663097,541.2089761781347,0.0,937.9819788848483,580.5407766707067,0.0,43,119.77,0.3757201302496452,32.66476744186046,0.272729126174004,7.683041379310348,64.16919310344828,400.75363413793104,367.3550014257059,323.9516585569601,3
338,2024,23W,2024-05-17,2024-06-13,675.0434782608696,627.7904347826087,801.3913043478261,731.6702608695653,23.0,27.0,3.8474009661835744,6.34467277671631,1.3501291556508388,0.0,825.8384164643753,429.7424531008421,0.0,947.3231119383302,516.0174098008002,0.0,23,126.48,0.18184693232131563,14.439180000000002,0.11416176470588237,8.782259487179486,64.60924230769231,777.831436923077,1703.3536555059009,1502.1008007748464,0
339,2024,23W,2024-06-13,2024-07-11,801.3913043478261,731.6702608695653,816.9565217391304,745.8813043478261,23.0,28.0,0.5075372670807449,2.350829143887331,-1.3357546097258415,0.0,947.3231119383302,516.0174098008002,0.0,931.1778395344664,560.5847691611854,0.0,23,126.48,0.18184693232131563,16.828416,0.13305199240986718,7.581992592592592,62.56468888888889,600.7570485185186,1128.8013009754188,995.4323534810949,1
340,2024,23W,2024-07-11,2024-08-08,816.9565217391304,745.8813043478261,883.0869565217391,803.6091304347825,23.0,28.0,2.0617080745341623,3.682253664496184,0.4411624845721396,0.0,931.1778395344664,560.5847691611854,0.0,989.9684005219743,617.2498603475912,0.0,23,126.48,0.18184693232131563,17.15527,0.13563622707147377,7.652903703703706,61.15192222222223,507.8141318518517,935.9854347471972,825.3978652658528,2
341,2024,23W,2024-08-08,2024-09-07,883.0869565217391,803.6091304347825,908.7391304347826,844.218652173913,23.0,30.0,1.353650724637681,3.7064782398297864,-0.9991767905544249,0.0,989.9684005219743,617.2498603475912,0.0,995.6199914968225,692.8173128510037,0.0,23,126.48,0.18184693232131563,18.48301,0.14613385515496521,7.8074896551724144,63.97245862068965,572.9770748275863,980.2264407176255,864.4117542961542,3
